year,term,month,day
1948,小寒,1,6
1948,大寒,1,21
1948,立春,2,5
1948,雨水,2,20
1948,惊蛰,3,5
1948,春分,3,21
1948,清明,4,5
1948,谷雨,4,20
1948,立夏,5,5
1948,小满,5,21
1948,芒种,6,6
1948,夏至,6,21
1948,小暑,7,7
1948,大暑,7,23
1948,立秋,8,7
1948,处暑,8,23
1948,白露,9,8
1948,秋分,9,23
1948,寒露,10,8
1948,霜降,10,23
1948,立冬,11,7
1948,小雪,11,22
1948,大雪,12,7
1948,冬至,12,22
1949,小寒,1,5
1949,大寒,1,20
1949,立春,2,4
1949,雨水,2,19
1949,惊蛰,3,6
1949,春分,3,21
1949,清明,4,5
1949,谷雨,4,20
1949,立夏,5,6
1949,小满,5,21
1949,芒种,6,6
1949,夏至,6,22
1949,小暑,7,7
1949,大暑,7,23
1949,立秋,8,8
1949,处暑,8,23
1949,白露,9,8
1949,秋分,9,23
1949,寒露,10,8
1949,霜降,10,24
1949,立冬,11,8
1949,小雪,11,22
1949,大雪,12,7
1949,冬至,12,22
1950,小寒,1,6
1950,大寒,1,20
1950,立春,2,4
1950,雨水,2,19
1950,惊蛰,3,6
1950,春分,3,21
1950,清明,4,5
1950,谷雨,4,20
1950,立夏,5,6
1950,小满,5,21
1950,芒种,6,6
1950,夏至,6,22
1950,小暑,7,8
1950,大暑,7,23
1950,立秋,8,8
1950,处暑,8,24
1950,白露,9,8
1950,秋分,9,23
1950,寒露,10,9
1950,霜降,10,24
1950,立冬,11,8
1950,小雪,11,23
1950,大雪,12,8
1950,冬至,12,22
1951,小寒,1,6
1951,大寒,1,21
1951,立春,2,4
1951,雨水,2,19
1951,惊蛰,3,6
1951,春分,3,21
1951,清明,4,5
1951,谷雨,4,21
1951,立夏,5,6
1951,小满,5,22
1951,芒种,6,6
1951,夏至,6,22
1951,小暑,7,8
1951,大暑,7,24
1951,立秋,8,8
1951,处暑,8,24
1951,白露,9,8
1951,秋分,9,24
1951,寒露,10,9
1951,霜降,10,24
1951,立冬,11,8
1951,小雪,11,23
1951,大雪,12,8
1951,冬至,12,23
1952,小寒,1,6
1952,大寒,1,21
1952,立春,2,5
1952,雨水,2,20
1952,惊蛰,3,5
1952,春分,3,21
1952,清明,4,5
1952,谷雨,4,20
1952,立夏,5,5
1952,小满,5,21
1952,芒种,6,6
1952,夏至,6,21
1952,小暑,7,7
1952,大暑,7,23
1952,立秋,8,7
1952,处暑,8,23
1952,白露,9,8
1952,秋分,9,23
1952,寒露,10,8
1952,霜降,10,23
1952,立冬,11,7
1952,小雪,11,22
1952,大雪,12,7
1952,冬至,12,22
1953,小寒,1,5
1953,大寒,1,20
1953,立春,2,4
1953,雨水,2,19
1953,惊蛰,3,6
1953,春分,3,21
1953,清明,4,5
1953,谷雨,4,20
1953,立夏,5,6
1953,小满,5,21
1953,芒种,6,6
1953,夏至,6,22
1953,小暑,7,7
1953,大暑,7,23
1953,立秋,8,8
1953,处暑,8,23
1953,白露,9,8
1953,秋分,9,23
1953,寒露,10,8
1953,霜降,10,24
1953,立冬,11,8
1953,小雪,11,22
1953,大雪,12,7
1953,冬至,12,22
1954,小寒,1,6
1954,大寒,1,20
1954,立春,2,4
1954,雨水,2,19
1954,惊蛰,3,6
1954,春分,3,21
1954,清明,4,5
1954,谷雨,4,20
1954,立夏,5,6
1954,小满,5,21
1954,芒种,6,6
1954,夏至,6,22
1954,小暑,7,8
1954,大暑,7,23
1954,立秋,8,8
1954,处暑,8,24
1954,白露,9,8
1954,秋分,9,23
1954,寒露,10,9
1954,霜降,10,24
1954,立冬,11,8
1954,小雪,11,23
1954,大雪,12,7
1954,冬至,12,22
1955,小寒,1,6
1955,大寒,1,21
1955,立春,2,4
1955,雨水,2,19
1955,惊蛰,3,6
1955,春分,3,21
1955,清明,4,5
1955,谷雨,4,21
1955,立夏,5,6
1955,小满,5,22
1955,芒种,6,6
1955,夏至,6,22
1955,小暑,7,8
1955,大暑,7,23
1955,立秋,8,8
1955,处暑,8,24
1955,白露,9,8
1955,秋分,9,24
1955,寒露,10,9
1955,霜降,10,24
1955,立冬,11,8
1955,小雪,11,23
1955,大雪,12,8
1955,冬至,12,22
1956,小寒,1,6
1956,大寒,1,21
1956,立春,2,5
1956,雨水,2,20
1956,惊蛰,3,5
1956,春分,3,20
1956,清明,4,5
1956,谷雨,4,20
1956,立夏,5,5
1956,小满,5,21
1956,芒种,6,6
1956,夏至,6,21
1956,小暑,7,7
1956,大暑,7,23
1956,立秋,8,7
1956,处暑,8,23
1956,白露,9,8
1956,秋分,9,23
1956,寒露,10,8
1956,霜降,10,23
1956,立冬,11,7
1956,小雪,11,22
1956,大雪,12,7
1956,冬至,12,22
1957,小寒,1,5
1957,大寒,1,20
1957,立春,2,4
1957,雨水,2,19
1957,惊蛰,3,6
1957,春分,3,21
1957,清明,4,5
1957,谷雨,4,20
1957,立夏,5,6
1957,小满,5,21
1957,芒种,6,6
1957,夏至,6,22
1957,小暑,7,7
1957,大暑,7,23
1957,立秋,8,8
1957,处暑,8,23
1957,白露,9,8
1957,秋分,9,23
1957,寒露,10,8
1957,霜降,10,24
1957,立冬,11,8
1957,小雪,11,22
1957,大雪,12,7
1957,冬至,12,22
1958,小寒,1,6
1958,大寒,1,20
1958,立春,2,4
1958,雨水,2,19
1958,惊蛰,3,6
1958,春分,3,21
1958,清明,4,5
1958,谷雨,4,20
1958,立夏,5,6
1958,小满,5,21
1958,芒种,6,6
1958,夏至,6,22
1958,小暑,7,7
1958,大暑,7,23
1958,立秋,8,8
1958,处暑,8,23
1958,白露,9,8
1958,秋分,9,23
1958,寒露,10,9
1958,霜降,10,24
1958,立冬,11,8
1958,小雪,11,23
1958,大雪,12,7
1958,冬至,12,22
1959,小寒,1,6
1959,大寒,1,21
1959,立春,2,4
1959,雨水,2,19
1959,惊蛰,3,6
1959,春分,3,21
1959,清明,4,5
1959,谷雨,4,21
1959,立夏,5,6
1959,小满,5,22
1959,芒种,6,6
1959,夏至,6,22
1959,小暑,7,8
1959,大暑,7,23
1959,立秋,8,8
1959,处暑,8,24
1959,白露,9,8
1959,秋分,9,24
1959,寒露,10,9
1959,霜降,10,24
1959,立冬,11,8
1959,小雪,11,23
1959,大雪,12,8
1959,冬至,12,22
1960,小寒,1,6
1960,大寒,1,21
1960,立春,2,5
1960,雨水,2,19
1960,惊蛰,3,5
1960,春分,3,20
1960,清明,4,5
1960,谷雨,4,20
1960,立夏,5,5
1960,小满,5,21
1960,芒种,6,6
1960,夏至,6,21
1960,小暑,7,7
1960,大暑,7,23
1960,立秋,8,7
1960,处暑,8,23
1960,白露,9,7
1960,秋分,9,23
1960,寒露,10,8
1960,霜降,10,23
1960,立冬,11,7
1960,小雪,11,22
1960,大雪,12,7
1960,冬至,12,22
1961,小寒,1,5
1961,大寒,1,20
1961,立春,2,4
1961,雨水,2,19
1961,惊蛰,3,6
1961,春分,3,21
1961,清明,4,5
1961,谷雨,4,20
1961,立夏,5,6
1961,小满,5,21
1961,芒种,6,6
1961,夏至,6,21
1961,小暑,7,7
1961,大暑,7,23
1961,立秋,8,8
1961,处暑,8,23
1961,白露,9,8
1961,秋分,9,23
1961,寒露,10,8
1961,霜降,10,23
1961,立冬,11,7
1961,小雪,11,22
1961,大雪,12,7
1961,冬至,12,22
1962,小寒,1,6
1962,大寒,1,20
1962,立春,2,4
1962,雨水,2,19
1962,惊蛰,3,6
1962,春分,3,21
1962,清明,4,5
1962,谷雨,4,20
1962,立夏,5,6
1962,小满,5,21
1962,芒种,6,6
1962,夏至,6,22
1962,小暑,7,7
1962,大暑,7,23
1962,立秋,8,8
1962,处暑,8,23
1962,白露,9,8
1962,秋分,9,23
1962,寒露,10,9
1962,霜降,10,24
1962,立冬,11,8
1962,小雪,11,23
1962,大雪,12,7
1962,冬至,12,22
1963,小寒,1,6
1963,大寒,1,21
1963,立春,2,4
1963,雨水,2,19
1963,惊蛰,3,6
1963,春分,3,21
1963,清明,4,5
1963,谷雨,4,21
1963,立夏,5,6
1963,小满,5,22
1963,芒种,6,6
1963,夏至,6,22
1963,小暑,7,8
1963,大暑,7,23
1963,立秋,8,8
1963,处暑,8,24
1963,白露,9,8
1963,秋分,9,24
1963,寒露,10,9
1963,霜降,10,24
1963,立冬,11,8
1963,小雪,11,23
1963,大雪,12,8
1963,冬至,12,22
1964,小寒,1,6
1964,大寒,1,21
1964,立春,2,5
1964,雨水,2,19
1964,惊蛰,3,5
1964,春分,3,20
1964,清明,4,5
1964,谷雨,4,20
1964,立夏,5,5
1964,小满,5,21
1964,芒种,6,6
1964,夏至,6,21
1964,小暑,7,7
1964,大暑,7,23
1964,立秋,8,7
1964,处暑,8,23
1964,白露,9,7
1964,秋分,9,23
1964,寒露,10,8
1964,霜降,10,23
1964,立冬,11,7
1964,小雪,11,22
1964,大雪,12,7
1964,冬至,12,22
1965,小寒,1,5
1965,大寒,1,20
1965,立春,2,4
1965,雨水,2,19
1965,惊蛰,3,6
1965,春分,3,21
1965,清明,4,5
1965,谷雨,4,20
1965,立夏,5,6
1965,小满,5,21
1965,芒种,6,6
1965,夏至,6,21
1965,小暑,7,7
1965,大暑,7,23
1965,立秋,8,8
1965,处暑,8,23
1965,白露,9,8
1965,秋分,9,23
1965,寒露,10,8
1965,霜降,10,23
1965,立冬,11,7
1965,小雪,11,22
1965,大雪,12,7
1965,冬至,12,22
1966,小寒,1,6
1966,大寒,1,20
1966,立春,2,4
1966,雨水,2,19
1966,惊蛰,3,6
1966,春分,3,21
1966,清明,4,5
1966,谷雨,4,20
1966,立夏,5,6
1966,小满,5,21
1966,芒种,6,6
1966,夏至,6,22
1966,小暑,7,7
1966,大暑,7,23
1966,立秋,8,8
1966,处暑,8,23
1966,白露,9,8
1966,秋分,9,23
1966,寒露,10,9
1966,霜降,10,24
1966,立冬,11,8
1966,小雪,11,23
1966,大雪,12,7
1966,冬至,12,22
1967,小寒,1,6
1967,大寒,1,21
1967,立春,2,4
1967,雨水,2,19
1967,惊蛰,3,6
1967,春分,3,21
1967,清明,4,5
1967,谷雨,4,21
1967,立夏,5,6
1967,小满,5,22
1967,芒种,6,6
1967,夏至,6,22
1967,小暑,7,8
1967,大暑,7,23
1967,立秋,8,8
1967,处暑,8,24
1967,白露,9,8
1967,秋分,9,24
1967,寒露,10,9
1967,霜降,10,24
1967,立冬,11,8
1967,小雪,11,23
1967,大雪,12,8
1967,冬至,12,22
1968,小寒,1,6
1968,大寒,1,21
1968,立春,2,5
1968,雨水,2,19
1968,惊蛰,3,5
1968,春分,3,20
1968,清明,4,5
1968,谷雨,4,20
1968,立夏,5,5
1968,小满,5,21
1968,芒种,6,5
1968,夏至,6,21
1968,小暑,7,7
1968,大暑,7,23
1968,立秋,8,7
1968,处暑,8,23
1968,白露,9,7
1968,秋分,9,23
1968,寒露,10,8
1968,霜降,10,23
1968,立冬,11,7
1968,小雪,11,22
1968,大雪,12,7
1968,冬至,12,22
1969,小寒,1,5
1969,大寒,1,20
1969,立春,2,4
1969,雨水,2,19
1969,惊蛰,3,6
1969,春分,3,21
1969,清明,4,5
1969,谷雨,4,20
1969,立夏,5,6
1969,小满,5,21
1969,芒种,6,6
1969,夏至,6,21
1969,小暑,7,7
1969,大暑,7,23
1969,立秋,8,8
1969,处暑,8,23
1969,白露,9,8
1969,秋分,9,23
1969,寒露,10,8
1969,霜降,10,23
1969,立冬,11,7
1969,小雪,11,22
1969,大雪,12,7
1969,冬至,12,22
1970,小寒,1,6
1970,大寒,1,20
1970,立春,2,4
1970,雨水,2,19
1970,惊蛰,3,6
1970,春分,3,21
1970,清明,4,5
1970,谷雨,4,20
1970,立夏,5,6
1970,小满,5,21
1970,芒种,6,6
1970,夏至,6,22
1970,小暑,7,7
1970,大暑,7,23
1970,立秋,8,8
1970,处暑,8,23
1970,白露,9,8
1970,秋分,9,23
1970,寒露,10,9
1970,霜降,10,24
1970,立冬,11,8
1970,小雪,11,23
1970,大雪,12,7
1970,冬至,12,22
1971,小寒,1,6
1971,大寒,1,21
1971,立春,2,4
1971,雨水,2,19
1971,惊蛰,3,6
1971,春分,3,21
1971,清明,4,5
1971,谷雨,4,21
1971,立夏,5,6
1971,小满,5,22
1971,芒种,6,6
1971,夏至,6,22
1971,小暑,7,8
1971,大暑,7,23
1971,立秋,8,8
1971,处暑,8,24
1971,白露,9,8
1971,秋分,9,24
1971,寒露,10,9
1971,霜降,10,24
1971,立冬,11,8
1971,小雪,11,23
1971,大雪,12,8
1971,冬至,12,22
1972,小寒,1,6
1972,大寒,1,21
1972,立春,2,5
1972,雨水,2,19
1972,惊蛰,3,5
1972,春分,3,20
1972,清明,4,5
1972,谷雨,4,20
1972,立夏,5,5
1972,小满,5,21
1972,芒种,6,5
1972,夏至,6,21
1972,小暑,7,7
1972,大暑,7,23
1972,立秋,8,7
1972,处暑,8,23
1972,白露,9,7
1972,秋分,9,23
1972,寒露,10,8
1972,霜降,10,23
1972,立冬,11,7
1972,小雪,11,22
1972,大雪,12,7
1972,冬至,12,22
1973,小寒,1,5
1973,大寒,1,20
1973,立春,2,4
1973,雨水,2,19
1973,惊蛰,3,6
1973,春分,3,21
1973,清明,4,5
1973,谷雨,4,20
1973,立夏,5,5
1973,小满,5,21
1973,芒种,6,6
1973,夏至,6,21
1973,小暑,7,7
1973,大暑,7,23
1973,立秋,8,8
1973,处暑,8,23
1973,白露,9,8
1973,秋分,9,23
1973,寒露,10,8
1973,霜降,10,23
1973,立冬,11,7
1973,小雪,11,22
1973,大雪,12,7
1973,冬至,12,22
1974,小寒,1,6
1974,大寒,1,20
1974,立春,2,4
1974,雨水,2,19
1974,惊蛰,3,6
1974,春分,3,21
1974,清明,4,5
1974,谷雨,4,20
1974,立夏,5,6
1974,小满,5,21
1974,芒种,6,6
1974,夏至,6,22
1974,小暑,7,7
1974,大暑,7,23
1974,立秋,8,8
1974,处暑,8,23
1974,白露,9,8
1974,秋分,9,23
1974,寒露,10,9
1974,霜降,10,24
1974,立冬,11,8
1974,小雪,11,23
1974,大雪,12,7
1974,冬至,12,22
1975,小寒,1,6
1975,大寒,1,21
1975,立春,2,4
1975,雨水,2,19
1975,惊蛰,3,6
1975,春分,3,21
1975,清明,4,5
1975,谷雨,4,21
1975,立夏,5,6
1975,小满,5,22
1975,芒种,6,6
1975,夏至,6,22
1975,小暑,7,8
1975,大暑,7,23
1975,立秋,8,8
1975,处暑,8,24
1975,白露,9,8
1975,秋分,9,23
1975,寒露,10,9
1975,霜降,10,24
1975,立冬,11,8
1975,小雪,11,23
1975,大雪,12,8
1975,冬至,12,22
1976,小寒,1,6
1976,大寒,1,21
1976,立春,2,5
1976,雨水,2,19
1976,惊蛰,3,5
1976,春分,3,20
1976,清明,4,4
1976,谷雨,4,20
1976,立夏,5,5
1976,小满,5,21
1976,芒种,6,5
1976,夏至,6,21
1976,小暑,7,7
1976,大暑,7,23
1976,立秋,8,7
1976,处暑,8,23
1976,白露,9,7
1976,秋分,9,23
1976,寒露,10,8
1976,霜降,10,23
1976,立冬,11,7
1976,小雪,11,22
1976,大雪,12,7
1976,冬至,12,22
1977,小寒,1,5
1977,大寒,1,20
1977,立春,2,4
1977,雨水,2,19
1977,惊蛰,3,6
1977,春分,3,21
1977,清明,4,5
1977,谷雨,4,20
1977,立夏,5,5
1977,小满,5,21
1977,芒种,6,6
1977,夏至,6,21
1977,小暑,7,7
1977,大暑,7,23
1977,立秋,8,7
1977,处暑,8,23
1977,白露,9,8
1977,秋分,9,23
1977,寒露,10,8
1977,霜降,10,23
1977,立冬,11,7
1977,小雪,11,22
1977,大雪,12,7
1977,冬至,12,22
1978,小寒,1,6
1978,大寒,1,20
1978,立春,2,4
1978,雨水,2,19
1978,惊蛰,3,6
1978,春分,3,21
1978,清明,4,5
1978,谷雨,4,20
1978,立夏,5,6
1978,小满,5,21
1978,芒种,6,6
1978,夏至,6,22
1978,小暑,7,7
1978,大暑,7,23
1978,立秋,8,8
1978,处暑,8,23
1978,白露,9,8
1978,秋分,9,23
1978,寒露,10,8
1978,霜降,10,24
1978,立冬,11,8
1978,小雪,11,23
1978,大雪,12,7
1978,冬至,12,22
1979,小寒,1,6
1979,大寒,1,21
1979,立春,2,4
1979,雨水,2,19
1979,惊蛰,3,6
1979,春分,3,21
1979,清明,4,5
1979,谷雨,4,21
1979,立夏,5,6
1979,小满,5,21
1979,芒种,6,6
1979,夏至,6,22
1979,小暑,7,8
1979,大暑,7,23
1979,立秋,8,8
1979,处暑,8,24
1979,白露,9,8
1979,秋分,9,23
1979,寒露,10,9
1979,霜降,10,24
1979,立冬,11,8
1979,小雪,11,23
1979,大雪,12,8
1979,冬至,12,22
1980,小寒,1,6
1980,大寒,1,21
1980,立春,2,5
1980,雨水,2,19
1980,惊蛰,3,5
1980,春分,3,20
1980,清明,4,4
1980,谷雨,4,20
1980,立夏,5,5
1980,小满,5,21
1980,芒种,6,5
1980,夏至,6,21
1980,小暑,7,7
1980,大暑,7,23
1980,立秋,8,7
1980,处暑,8,23
1980,白露,9,7
1980,秋分,9,23
1980,寒露,10,8
1980,霜降,10,23
1980,立冬,11,7
1980,小雪,11,22
1980,大雪,12,7
1980,冬至,12,22
1981,小寒,1,5
1981,大寒,1,20
1981,立春,2,4
1981,雨水,2,19
1981,惊蛰,3,6
1981,春分,3,21
1981,清明,4,5
1981,谷雨,4,20
1981,立夏,5,5
1981,小满,5,21
1981,芒种,6,6
1981,夏至,6,21
1981,小暑,7,7
1981,大暑,7,23
1981,立秋,8,7
1981,处暑,8,23
1981,白露,9,8
1981,秋分,9,23
1981,寒露,10,8
1981,霜降,10,23
1981,立冬,11,7
1981,小雪,11,22
1981,大雪,12,7
1981,冬至,12,22
1982,小寒,1,6
1982,大寒,1,20
1982,立春,2,4
1982,雨水,2,19
1982,惊蛰,3,6
1982,春分,3,21
1982,清明,4,5
1982,谷雨,4,20
1982,立夏,5,6
1982,小满,5,21
1982,芒种,6,6
1982,夏至,6,22
1982,小暑,7,7
1982,大暑,7,23
1982,立秋,8,8
1982,处暑,8,23
1982,白露,9,8
1982,秋分,9,23
1982,寒露,10,8
1982,霜降,10,24
1982,立冬,11,8
1982,小雪,11,22
1982,大雪,12,7
1982,冬至,12,22
1983,小寒,1,6
1983,大寒,1,20
1983,立春,2,4
1983,雨水,2,19
1983,惊蛰,3,6
1983,春分,3,21
1983,清明,4,5
1983,谷雨,4,20
1983,立夏,5,6
1983,小满,5,21
1983,芒种,6,6
1983,夏至,6,22
1983,小暑,7,8
1983,大暑,7,23
1983,立秋,8,8
1983,处暑,8,24
1983,白露,9,8
1983,秋分,9,23
1983,寒露,10,9
1983,霜降,10,24
1983,立冬,11,8
1983,小雪,11,23
1983,大雪,12,8
1983,冬至,12,22
1984,小寒,1,6
1984,大寒,1,21
1984,立春,2,4
1984,雨水,2,19
1984,惊蛰,3,5
1984,春分,3,20
1984,清明,4,4
1984,谷雨,4,20
1984,立夏,5,5
1984,小满,5,21
1984,芒种,6,5
1984,夏至,6,21
1984,小暑,7,7
1984,大暑,7,22
1984,立秋,8,7
1984,处暑,8,23
1984,白露,9,7
1984,秋分,9,23
1984,寒露,10,8
1984,霜降,10,23
1984,立冬,11,7
1984,小雪,11,22
1984,大雪,12,7
1984,冬至,12,22
1985,小寒,1,5
1985,大寒,1,20
1985,立春,2,4
1985,雨水,2,19
1985,惊蛰,3,5
1985,春分,3,21
1985,清明,4,5
1985,谷雨,4,20
1985,立夏,5,5
1985,小满,5,21
1985,芒种,6,6
1985,夏至,6,21
1985,小暑,7,7
1985,大暑,7,23
1985,立秋,8,7
1985,处暑,8,23
1985,白露,9,8
1985,秋分,9,23
1985,寒露,10,8
1985,霜降,10,23
1985,立冬,11,7
1985,小雪,11,22
1985,大雪,12,7
1985,冬至,12,22
1986,小寒,1,5
1986,大寒,1,20
1986,立春,2,4
1986,雨水,2,19
1986,惊蛰,3,6
1986,春分,3,21
1986,清明,4,5
1986,谷雨,4,20
1986,立夏,5,6
1986,小满,5,21
1986,芒种,6,6
1986,夏至,6,22
1986,小暑,7,7
1986,大暑,7,23
1986,立秋,8,8
1986,处暑,8,23
1986,白露,9,8
1986,秋分,9,23
1986,寒露,10,8
1986,霜降,10,24
1986,立冬,11,8
1986,小雪,11,22
1986,大雪,12,7
1986,冬至,12,22
1987,小寒,1,6
1987,大寒,1,20
1987,立春,2,4
1987,雨水,2,19
1987,惊蛰,3,6
1987,春分,3,21
1987,清明,4,5
1987,谷雨,4,20
1987,立夏,5,6
1987,小满,5,21
1987,芒种,6,6
1987,夏至,6,22
1987,小暑,7,7
1987,大暑,7,23
1987,立秋,8,8
1987,处暑,8,24
1987,白露,9,8
1987,秋分,9,23
1987,寒露,10,9
1987,霜降,10,24
1987,立冬,11,8
1987,小雪,11,23
1987,大雪,12,7
1987,冬至,12,22
1988,小寒,1,6
1988,大寒,1,21
1988,立春,2,4
1988,雨水,2,19
1988,惊蛰,3,5
1988,春分,3,20
1988,清明,4,4
1988,谷雨,4,20
1988,立夏,5,5
1988,小满,5,21
1988,芒种,6,5
1988,夏至,6,21
1988,小暑,7,7
1988,大暑,7,22
1988,立秋,8,7
1988,处暑,8,23
1988,白露,9,7
1988,秋分,9,23
1988,寒露,10,8
1988,霜降,10,23
1988,立冬,11,7
1988,小雪,11,22
1988,大雪,12,7
1988,冬至,12,21
1989,小寒,1,5
1989,大寒,1,20
1989,立春,2,4
1989,雨水,2,19
1989,惊蛰,3,5
1989,春分,3,20
1989,清明,4,5
1989,谷雨,4,20
1989,立夏,5,5
1989,小满,5,21
1989,芒种,6,6
1989,夏至,6,21
1989,小暑,7,7
1989,大暑,7,23
1989,立秋,8,7
1989,处暑,8,23
1989,白露,9,7
1989,秋分,9,23
1989,寒露,10,8
1989,霜降,10,23
1989,立冬,11,7
1989,小雪,11,22
1989,大雪,12,7
1989,冬至,12,22
1990,小寒,1,5
1990,大寒,1,20
1990,立春,2,4
1990,雨水,2,19
1990,惊蛰,3,6
1990,春分,3,21
1990,清明,4,5
1990,谷雨,4,20
1990,立夏,5,6
1990,小满,5,21
1990,芒种,6,6
1990,夏至,6,21
1990,小暑,7,7
1990,大暑,7,23
1990,立秋,8,8
1990,处暑,8,23
1990,白露,9,8
1990,秋分,9,23
1990,寒露,10,8
1990,霜降,10,24
1990,立冬,11,8
1990,小雪,11,22
1990,大雪,12,7
1990,冬至,12,22
1991,小寒,1,6
1991,大寒,1,20
1991,立春,2,4
1991,雨水,2,19
1991,惊蛰,3,6
1991,春分,3,21
1991,清明,4,5
1991,谷雨,4,20
1991,立夏,5,6
1991,小满,5,21
1991,芒种,6,6
1991,夏至,6,22
1991,小暑,7,7
1991,大暑,7,23
1991,立秋,8,8
1991,处暑,8,23
1991,白露,9,8
1991,秋分,9,23
1991,寒露,10,9
1991,霜降,10,24
1991,立冬,11,8
1991,小雪,11,23
1991,大雪,12,7
1991,冬至,12,22
1992,小寒,1,6
1992,大寒,1,21
1992,立春,2,4
1992,雨水,2,19
1992,惊蛰,3,5
1992,春分,3,20
1992,清明,4,4
1992,谷雨,4,20
1992,立夏,5,5
1992,小满,5,21
1992,芒种,6,5
1992,夏至,6,21
1992,小暑,7,7
1992,大暑,7,22
1992,立秋,8,7
1992,处暑,8,23
1992,白露,9,7
1992,秋分,9,23
1992,寒露,10,8
1992,霜降,10,23
1992,立冬,11,7
1992,小雪,11,22
1992,大雪,12,7
1992,冬至,12,21
1993,小寒,1,5
1993,大寒,1,20
1993,立春,2,4
1993,雨水,2,18
1993,惊蛰,3,5
1993,春分,3,20
1993,清明,4,5
1993,谷雨,4,20
1993,立夏,5,5
1993,小满,5,21
1993,芒种,6,6
1993,夏至,6,21
1993,小暑,7,7
1993,大暑,7,23
1993,立秋,8,7
1993,处暑,8,23
1993,白露,9,7
1993,秋分,9,23
1993,寒露,10,8
1993,霜降,10,23
1993,立冬,11,7
1993,小雪,11,22
1993,大雪,12,7
1993,冬至,12,22
1994,小寒,1,5
1994,大寒,1,20
1994,立春,2,4
1994,雨水,2,19
1994,惊蛰,3,6
1994,春分,3,21
1994,清明,4,5
1994,谷雨,4,20
1994,立夏,5,6
1994,小满,5,21
1994,芒种,6,6
1994,夏至,6,21
1994,小暑,7,7
1994,大暑,7,23
1994,立秋,8,8
1994,处暑,8,23
1994,白露,9,8
1994,秋分,9,23
1994,寒露,10,8
1994,霜降,10,23
1994,立冬,11,7
1994,小雪,11,22
1994,大雪,12,7
1994,冬至,12,22
1995,小寒,1,6
1995,大寒,1,20
1995,立春,2,4
1995,雨水,2,19
1995,惊蛰,3,6
1995,春分,3,21
1995,清明,4,5
1995,谷雨,4,20
1995,立夏,5,6
1995,小满,5,21
1995,芒种,6,6
1995,夏至,6,22
1995,小暑,7,7
1995,大暑,7,23
1995,立秋,8,8
1995,处暑,8,23
1995,白露,9,8
1995,秋分,9,23
1995,寒露,10,9
1995,霜降,10,24
1995,立冬,11,8
1995,小雪,11,23
1995,大雪,12,7
1995,冬至,12,22
1996,小寒,1,6
1996,大寒,1,21
1996,立春,2,4
1996,雨水,2,19
1996,惊蛰,3,5
1996,春分,3,20
1996,清明,4,4
1996,谷雨,4,20
1996,立夏,5,5
1996,小满,5,21
1996,芒种,6,5
1996,夏至,6,21
1996,小暑,7,7
1996,大暑,7,22
1996,立秋,8,7
1996,处暑,8,23
1996,白露,9,7
1996,秋分,9,23
1996,寒露,10,8
1996,霜降,10,23
1996,立冬,11,7
1996,小雪,11,22
1996,大雪,12,7
1996,冬至,12,21
1997,小寒,1,5
1997,大寒,1,20
1997,立春,2,4
1997,雨水,2,18
1997,惊蛰,3,5
1997,春分,3,20
1997,清明,4,5
1997,谷雨,4,20
1997,立夏,5,5
1997,小满,5,21
1997,芒种,6,5
1997,夏至,6,21
1997,小暑,7,7
1997,大暑,7,23
1997,立秋,8,7
1997,处暑,8,23
1997,白露,9,7
1997,秋分,9,23
1997,寒露,10,8
1997,霜降,10,23
1997,立冬,11,7
1997,小雪,11,22
1997,大雪,12,7
1997,冬至,12,22
1998,小寒,1,5
1998,大寒,1,20
1998,立春,2,4
1998,雨水,2,19
1998,惊蛰,3,6
1998,春分,3,21
1998,清明,4,5
1998,谷雨,4,20
1998,立夏,5,6
1998,小满,5,21
1998,芒种,6,6
1998,夏至,6,21
1998,小暑,7,7
1998,大暑,7,23
1998,立秋,8,8
1998,处暑,8,23
1998,白露,9,8
1998,秋分,9,23
1998,寒露,10,8
1998,霜降,10,23
1998,立冬,11,7
1998,小雪,11,22
1998,大雪,12,7
1998,冬至,12,22
1999,小寒,1,6
1999,大寒,1,20
1999,立春,2,4
1999,雨水,2,19
1999,惊蛰,3,6
1999,春分,3,21
1999,清明,4,5
1999,谷雨,4,20
1999,立夏,5,6
1999,小满,5,21
1999,芒种,6,6
1999,夏至,6,22
1999,小暑,7,7
1999,大暑,7,23
1999,立秋,8,8
1999,处暑,8,23
1999,白露,9,8
1999,秋分,9,23
1999,寒露,10,9
1999,霜降,10,24
1999,立冬,11,8
1999,小雪,11,23
1999,大雪,12,7
1999,冬至,12,22
2000,小寒,1,6
2000,大寒,1,21
2000,立春,2,4
2000,雨水,2,19
2000,惊蛰,3,5
2000,春分,3,20
2000,清明,4,4
2000,谷雨,4,20
2000,立夏,5,5
2000,小满,5,21
2000,芒种,6,5
2000,夏至,6,21
2000,小暑,7,7
2000,大暑,7,22
2000,立秋,8,7
2000,处暑,8,23
2000,白露,9,7
2000,秋分,9,23
2000,寒露,10,8
2000,霜降,10,23
2000,立冬,11,7
2000,小雪,11,22
2000,大雪,12,7
2000,冬至,12,21
2001,小寒,1,5
2001,大寒,1,20
2001,立春,2,4
2001,雨水,2,18
2001,惊蛰,3,5
2001,春分,3,20
2001,清明,4,5
2001,谷雨,4,20
2001,立夏,5,5
2001,小满,5,21
2001,芒种,6,5
2001,夏至,6,21
2001,小暑,7,7
2001,大暑,7,23
2001,立秋,8,7
2001,处暑,8,23
2001,白露,9,7
2001,秋分,9,23
2001,寒露,10,8
2001,霜降,10,23
2001,立冬,11,7
2001,小雪,11,22
2001,大雪,12,7
2001,冬至,12,22
2002,小寒,1,5
2002,大寒,1,20
2002,立春,2,4
2002,雨水,2,19
2002,惊蛰,3,6
2002,春分,3,21
2002,清明,4,5
2002,谷雨,4,20
2002,立夏,5,6
2002,小满,5,21
2002,芒种,6,6
2002,夏至,6,21
2002,小暑,7,7
2002,大暑,7,23
2002,立秋,8,8
2002,处暑,8,23
2002,白露,9,8
2002,秋分,9,23
2002,寒露,10,8
2002,霜降,10,23
2002,立冬,11,7
2002,小雪,11,22
2002,大雪,12,7
2002,冬至,12,22
2003,小寒,1,6
2003,大寒,1,20
2003,立春,2,4
2003,雨水,2,19
2003,惊蛰,3,6
2003,春分,3,21
2003,清明,4,5
2003,谷雨,4,20
2003,立夏,5,6
2003,小满,5,21
2003,芒种,6,6
2003,夏至,6,22
2003,小暑,7,7
2003,大暑,7,23
2003,立秋,8,8
2003,处暑,8,23
2003,白露,9,8
2003,秋分,9,23
2003,寒露,10,9
2003,霜降,10,24
2003,立冬,11,8
2003,小雪,11,23
2003,大雪,12,7
2003,冬至,12,22
2004,小寒,1,6
2004,大寒,1,21
2004,立春,2,4
2004,雨水,2,19
2004,惊蛰,3,5
2004,春分,3,20
2004,清明,4,4
2004,谷雨,4,20
2004,立夏,5,5
2004,小满,5,21
2004,芒种,6,5
2004,夏至,6,21
2004,小暑,7,7
2004,大暑,7,22
2004,立秋,8,7
2004,处暑,8,23
2004,白露,9,7
2004,秋分,9,23
2004,寒露,10,8
2004,霜降,10,23
2004,立冬,11,7
2004,小雪,11,22
2004,大雪,12,7
2004,冬至,12,21
2005,小寒,1,5
2005,大寒,1,20
2005,立春,2,4
2005,雨水,2,18
2005,惊蛰,3,5
2005,春分,3,20
2005,清明,4,5
2005,谷雨,4,20
2005,立夏,5,5
2005,小满,5,21
2005,芒种,6,5
2005,夏至,6,21
2005,小暑,7,7
2005,大暑,7,23
2005,立秋,8,7
2005,处暑,8,23
2005,白露,9,7
2005,秋分,9,23
2005,寒露,10,8
2005,霜降,10,23
2005,立冬,11,7
2005,小雪,11,22
2005,大雪,12,7
2005,冬至,12,22
2006,小寒,1,5
2006,大寒,1,20
2006,立春,2,4
2006,雨水,2,19
2006,惊蛰,3,6
2006,春分,3,21
2006,清明,4,5
2006,谷雨,4,20
2006,立夏,5,5
2006,小满,5,21
2006,芒种,6,6
2006,夏至,6,21
2006,小暑,7,7
2006,大暑,7,23
2006,立秋,8,7
2006,处暑,8,23
2006,白露,9,8
2006,秋分,9,23
2006,寒露,10,8
2006,霜降,10,23
2006,立冬,11,7
2006,小雪,11,22
2006,大雪,12,7
2006,冬至,12,22
2007,小寒,1,6
2007,大寒,1,20
2007,立春,2,4
2007,雨水,2,19
2007,惊蛰,3,6
2007,春分,3,21
2007,清明,4,5
2007,谷雨,4,20
2007,立夏,5,6
2007,小满,5,21
2007,芒种,6,6
2007,夏至,6,22
2007,小暑,7,7
2007,大暑,7,23
2007,立秋,8,8
2007,处暑,8,23
2007,白露,9,8
2007,秋分,9,23
2007,寒露,10,9
2007,霜降,10,24
2007,立冬,11,8
2007,小雪,11,23
2007,大雪,12,7
2007,冬至,12,22
2008,小寒,1,6
2008,大寒,1,21
2008,立春,2,4
2008,雨水,2,19
2008,惊蛰,3,5
2008,春分,3,20
2008,清明,4,4
2008,谷雨,4,20
2008,立夏,5,5
2008,小满,5,21
2008,芒种,6,5
2008,夏至,6,21
2008,小暑,7,7
2008,大暑,7,22
2008,立秋,8,7
2008,处暑,8,23
2008,白露,9,7
2008,秋分,9,22
2008,寒露,10,8
2008,霜降,10,23
2008,立冬,11,7
2008,小雪,11,22
2008,大雪,12,7
2008,冬至,12,21
2009,小寒,1,5
2009,大寒,1,20
2009,立春,2,4
2009,雨水,2,18
2009,惊蛰,3,5
2009,春分,3,20
2009,清明,4,4
2009,谷雨,4,20
2009,立夏,5,5
2009,小满,5,21
2009,芒种,6,5
2009,夏至,6,21
2009,小暑,7,7
2009,大暑,7,23
2009,立秋,8,7
2009,处暑,8,23
2009,白露,9,7
2009,秋分,9,23
2009,寒露,10,8
2009,霜降,10,23
2009,立冬,11,7
2009,小雪,11,22
2009,大雪,12,7
2009,冬至,12,22
2010,小寒,1,5
2010,大寒,1,20
2010,立春,2,4
2010,雨水,2,19
2010,惊蛰,3,6
2010,春分,3,21
2010,清明,4,5
2010,谷雨,4,20
2010,立夏,5,5
2010,小满,5,21
2010,芒种,6,6
2010,夏至,6,21
2010,小暑,7,7
2010,大暑,7,23
2010,立秋,8,7
2010,处暑,8,23
2010,白露,9,8
2010,秋分,9,23
2010,寒露,10,8
2010,霜降,10,23
2010,立冬,11,7
2010,小雪,11,22
2010,大雪,12,7
2010,冬至,12,22
2011,小寒,1,6
2011,大寒,1,20
2011,立春,2,4
2011,雨水,2,19
2011,惊蛰,3,6
2011,春分,3,21
2011,清明,4,5
2011,谷雨,4,20
2011,立夏,5,6
2011,小满,5,21
2011,芒种,6,6
2011,夏至,6,22
2011,小暑,7,7
2011,大暑,7,23
2011,立秋,8,8
2011,处暑,8,23
2011,白露,9,8
2011,秋分,9,23
2011,寒露,10,8
2011,霜降,10,24
2011,立冬,11,8
2011,小雪,11,23
2011,大雪,12,7
2011,冬至,12,22
2012,小寒,1,6
2012,大寒,1,21
2012,立春,2,4
2012,雨水,2,19
2012,惊蛰,3,5
2012,春分,3,20
2012,清明,4,4
2012,谷雨,4,20
2012,立夏,5,5
2012,小满,5,20
2012,芒种,6,5
2012,夏至,6,21
2012,小暑,7,7
2012,大暑,7,22
2012,立秋,8,7
2012,处暑,8,23
2012,白露,9,7
2012,秋分,9,22
2012,寒露,10,8
2012,霜降,10,23
2012,立冬,11,7
2012,小雪,11,22
2012,大雪,12,7
2012,冬至,12,21
2013,小寒,1,5
2013,大寒,1,20
2013,立春,2,4
2013,雨水,2,18
2013,惊蛰,3,5
2013,春分,3,20
2013,清明,4,4
2013,谷雨,4,20
2013,立夏,5,5
2013,小满,5,21
2013,芒种,6,5
2013,夏至,6,21
2013,小暑,7,7
2013,大暑,7,22
2013,立秋,8,7
2013,处暑,8,23
2013,白露,9,7
2013,秋分,9,23
2013,寒露,10,8
2013,霜降,10,23
2013,立冬,11,7
2013,小雪,11,22
2013,大雪,12,7
2013,冬至,12,22
2014,小寒,1,5
2014,大寒,1,20
2014,立春,2,4
2014,雨水,2,19
2014,惊蛰,3,6
2014,春分,3,21
2014,清明,4,5
2014,谷雨,4,20
2014,立夏,5,5
2014,小满,5,21
2014,芒种,6,6
2014,夏至,6,21
2014,小暑,7,7
2014,大暑,7,23
2014,立秋,8,7
2014,处暑,8,23
2014,白露,9,8
2014,秋分,9,23
2014,寒露,10,8
2014,霜降,10,23
2014,立冬,11,7
2014,小雪,11,22
2014,大雪,12,7
2014,冬至,12,22
2015,小寒,1,6
2015,大寒,1,20
2015,立春,2,4
2015,雨水,2,19
2015,惊蛰,3,6
2015,春分,3,21
2015,清明,4,5
2015,谷雨,4,20
2015,立夏,5,6
2015,小满,5,21
2015,芒种,6,6
2015,夏至,6,22
2015,小暑,7,7
2015,大暑,7,23
2015,立秋,8,8
2015,处暑,8,23
2015,白露,9,8
2015,秋分,9,23
2015,寒露,10,8
2015,霜降,10,24
2015,立冬,11,8
2015,小雪,11,22
2015,大雪,12,7
2015,冬至,12,22
2016,小寒,1,6
2016,大寒,1,20
2016,立春,2,4
2016,雨水,2,19
2016,惊蛰,3,5
2016,春分,3,20
2016,清明,4,4
2016,谷雨,4,19
2016,立夏,5,5
2016,小满,5,20
2016,芒种,6,5
2016,夏至,6,21
2016,小暑,7,7
2016,大暑,7,22
2016,立秋,8,7
2016,处暑,8,23
2016,白露,9,7
2016,秋分,9,22
2016,寒露,10,8
2016,霜降,10,23
2016,立冬,11,7
2016,小雪,11,22
2016,大雪,12,7
2016,冬至,12,21
2017,小寒,1,5
2017,大寒,1,20
2017,立春,2,3
2017,雨水,2,18
2017,惊蛰,3,5
2017,春分,3,20
2017,清明,4,4
2017,谷雨,4,20
2017,立夏,5,5
2017,小满,5,21
2017,芒种,6,5
2017,夏至,6,21
2017,小暑,7,7
2017,大暑,7,22
2017,立秋,8,7
2017,处暑,8,23
2017,白露,9,7
2017,秋分,9,23
2017,寒露,10,8
2017,霜降,10,23
2017,立冬,11,7
2017,小雪,11,22
2017,大雪,12,7
2017,冬至,12,22
2018,小寒,1,5
2018,大寒,1,20
2018,立春,2,4
2018,雨水,2,19
2018,惊蛰,3,5
2018,春分,3,21
2018,清明,4,5
2018,谷雨,4,20
2018,立夏,5,5
2018,小满,5,21
2018,芒种,6,6
2018,夏至,6,21
2018,小暑,7,7
2018,大暑,7,23
2018,立秋,8,7
2018,处暑,8,23
2018,白露,9,8
2018,秋分,9,23
2018,寒露,10,8
2018,霜降,10,23
2018,立冬,11,7
2018,小雪,11,22
2018,大雪,12,7
2018,冬至,12,22
2019,小寒,1,5
2019,大寒,1,20
2019,立春,2,4
2019,雨水,2,19
2019,惊蛰,3,6
2019,春分,3,21
2019,清明,4,5
2019,谷雨,4,20
2019,立夏,5,6
2019,小满,5,21
2019,芒种,6,6
2019,夏至,6,21
2019,小暑,7,7
2019,大暑,7,23
2019,立秋,8,8
2019,处暑,8,23
2019,白露,9,8
2019,秋分,9,23
2019,寒露,10,8
2019,霜降,10,24
2019,立冬,11,8
2019,小雪,11,22
2019,大雪,12,7
2019,冬至,12,22
2020,小寒,1,6
2020,大寒,1,20
2020,立春,2,4
2020,雨水,2,19
2020,惊蛰,3,5
2020,春分,3,20
2020,清明,4,4
2020,谷雨,4,19
2020,立夏,5,5
2020,小满,5,20
2020,芒种,6,5
2020,夏至,6,21
2020,小暑,7,6
2020,大暑,7,22
2020,立秋,8,7
2020,处暑,8,22
2020,白露,9,7
2020,秋分,9,22
2020,寒露,10,8
2020,霜降,10,23
2020,立冬,11,7
2020,小雪,11,22
2020,大雪,12,7
2020,冬至,12,21
2021,小寒,1,5
2021,大寒,1,20
2021,立春,2,3
2021,雨水,2,18
2021,惊蛰,3,5
2021,春分,3,20
2021,清明,4,4
2021,谷雨,4,20
2021,立夏,5,5
2021,小满,5,21
2021,芒种,6,5
2021,夏至,6,21
2021,小暑,7,7
2021,大暑,7,22
2021,立秋,8,7
2021,处暑,8,23
2021,白露,9,7
2021,秋分,9,23
2021,寒露,10,8
2021,霜降,10,23
2021,立冬,11,7
2021,小雪,11,22
2021,大雪,12,7
2021,冬至,12,21
2022,小寒,1,5
2022,大寒,1,20
2022,立春,2,4
2022,雨水,2,19
2022,惊蛰,3,5
2022,春分,3,20
2022,清明,4,5
2022,谷雨,4,20
2022,立夏,5,5
2022,小满,5,21
2022,芒种,6,6
2022,夏至,6,21
2022,小暑,7,7
2022,大暑,7,23
2022,立秋,8,7
2022,处暑,8,23
2022,白露,9,7
2022,秋分,9,23
2022,寒露,10,8
2022,霜降,10,23
2022,立冬,11,7
2022,小雪,11,22
2022,大雪,12,7
2022,冬至,12,22
2023,小寒,1,5
2023,大寒,1,20
2023,立春,2,4
2023,雨水,2,19
2023,惊蛰,3,6
2023,春分,3,21
2023,清明,4,5
2023,谷雨,4,20
2023,立夏,5,6
2023,小满,5,21
2023,芒种,6,6
2023,夏至,6,21
2023,小暑,7,7
2023,大暑,7,23
2023,立秋,8,8
2023,处暑,8,23
2023,白露,9,8
2023,秋分,9,23
2023,寒露,10,8
2023,霜降,10,24
2023,立冬,11,8
2023,小雪,11,22
2023,大雪,12,7
2023,冬至,12,22
2024,小寒,1,6
2024,大寒,1,20
2024,立春,2,4
2024,雨水,2,19
2024,惊蛰,3,5
2024,春分,3,20
2024,清明,4,4
2024,谷雨,4,19
2024,立夏,5,5
2024,小满,5,20
2024,芒种,6,5
2024,夏至,6,21
2024,小暑,7,6
2024,大暑,7,22
2024,立秋,8,7
2024,处暑,8,22
2024,白露,9,7
2024,秋分,9,22
2024,寒露,10,8
2024,霜降,10,23
2024,立冬,11,7
2024,小雪,11,22
2024,大雪,12,6
2024,冬至,12,21
2025,小寒,1,5
2025,大寒,1,20
2025,立春,2,3
2025,雨水,2,18
2025,惊蛰,3,5
2025,春分,3,20
2025,清明,4,4
2025,谷雨,4,20
2025,立夏,5,5
2025,小满,5,21
2025,芒种,6,5
2025,夏至,6,21
2025,小暑,7,7
2025,大暑,7,22
2025,立秋,8,7
2025,处暑,8,23
2025,白露,9,7
2025,秋分,9,23
2025,寒露,10,8
2025,霜降,10,23
2025,立冬,11,7
2025,小雪,11,22
2025,大雪,12,7
2025,冬至,12,21
2026,小寒,1,5
2026,大寒,1,20
2026,立春,2,4
2026,雨水,2,18
2026,惊蛰,3,5
2026,春分,3,20
2026,清明,4,5
2026,谷雨,4,20
2026,立夏,5,5
2026,小满,5,21
2026,芒种,6,5
2026,夏至,6,21
2026,小暑,7,7
2026,大暑,7,23
2026,立秋,8,7
2026,处暑,8,23
2026,白露,9,7
2026,秋分,9,23
2026,寒露,10,8
2026,霜降,10,23
2026,立冬,11,7
2026,小雪,11,22
2026,大雪,12,7
2026,冬至,12,22
2027,小寒,1,5
2027,大寒,1,20
2027,立春,2,4
2027,雨水,2,19
2027,惊蛰,3,6
2027,春分,3,21
2027,清明,4,5
2027,谷雨,4,20
2027,立夏,5,6
2027,小满,5,21
2027,芒种,6,6
2027,夏至,6,21
2027,小暑,7,7
2027,大暑,7,23
2027,立秋,8,8
2027,处暑,8,23
2027,白露,9,8
2027,秋分,9,23
2027,寒露,10,8
2027,霜降,10,23
2027,立冬,11,7
2027,小雪,11,22
2027,大雪,12,7
2027,冬至,12,22
2028,小寒,1,6
2028,大寒,1,20
2028,立春,2,4
2028,雨水,2,19
2028,惊蛰,3,5
2028,春分,3,20
2028,清明,4,4
2028,谷雨,4,19
2028,立夏,5,5
2028,小满,5,20
2028,芒种,6,5
2028,夏至,6,21
2028,小暑,7,6
2028,大暑,7,22
2028,立秋,8,7
2028,处暑,8,22
2028,白露,9,7
2028,秋分,9,22
2028,寒露,10,8
2028,霜降,10,23
2028,立冬,11,7
2028,小雪,11,22
2028,大雪,12,6
2028,冬至,12,21
2029,小寒,1,5
2029,大寒,1,20
2029,立春,2,3
2029,雨水,2,18
2029,惊蛰,3,5
2029,春分,3,20
2029,清明,4,4
2029,谷雨,4,20
2029,立夏,5,5
2029,小满,5,21
2029,芒种,6,5
2029,夏至,6,21
2029,小暑,7,7
2029,大暑,7,22
2029,立秋,8,7
2029,处暑,8,23
2029,白露,9,7
2029,秋分,9,23
2029,寒露,10,8
2029,霜降,10,23
2029,立冬,11,7
2029,小雪,11,22
2029,大雪,12,7
2029,冬至,12,21
2030,小寒,1,5
2030,大寒,1,20
2030,立春,2,4
2030,雨水,2,18
2030,惊蛰,3,5
2030,春分,3,20
2030,清明,4,5
2030,谷雨,4,20
2030,立夏,5,5
2030,小满,5,21
2030,芒种,6,5
2030,夏至,6,21
2030,小暑,7,7
2030,大暑,7,23
2030,立秋,8,7
2030,处暑,8,23
2030,白露,9,7
2030,秋分,9,23
2030,寒露,10,8
2030,霜降,10,23
2030,立冬,11,7
2030,小雪,11,22
2030,大雪,12,7
2030,冬至,12,22
2031,小寒,1,5
2031,大寒,1,20
2031,立春,2,4
2031,雨水,2,19
2031,惊蛰,3,6
2031,春分,3,21
2031,清明,4,5
2031,谷雨,4,20
2031,立夏,5,6
2031,小满,5,21
2031,芒种,6,6
2031,夏至,6,21
2031,小暑,7,7
2031,大暑,7,23
2031,立秋,8,8
2031,处暑,8,23
2031,白露,9,8
2031,秋分,9,23
2031,寒露,10,8
2031,霜降,10,23
2031,立冬,11,7
2031,小雪,11,22
2031,大雪,12,7
2031,冬至,12,22
2032,小寒,1,6
2032,大寒,1,20
2032,立春,2,4
2032,雨水,2,19
2032,惊蛰,3,5
2032,春分,3,20
2032,清明,4,4
2032,谷雨,4,19
2032,立夏,5,5
2032,小满,5,20
2032,芒种,6,5
2032,夏至,6,21
2032,小暑,7,6
2032,大暑,7,22
2032,立秋,8,7
2032,处暑,8,22
2032,白露,9,7
2032,秋分,9,22
2032,寒露,10,8
2032,霜降,10,23
2032,立冬,11,7
2032,小雪,11,22
2032,大雪,12,6
2032,冬至,12,21
2033,小寒,1,5
2033,大寒,1,20
2033,立春,2,3
2033,雨水,2,18
2033,惊蛰,3,5
2033,春分,3,20
2033,清明,4,4
2033,谷雨,4,20
2033,立夏,5,5
2033,小满,5,21
2033,芒种,6,5
2033,夏至,6,21
2033,小暑,7,7
2033,大暑,7,22
2033,立秋,8,7
2033,处暑,8,23
2033,白露,9,7
2033,秋分,9,23
2033,寒露,10,8
2033,霜降,10,23
2033,立冬,11,7
2033,小雪,11,22
2033,大雪,12,7
2033,冬至,12,21
2034,小寒,1,5
2034,大寒,1,20
2034,立春,2,4
2034,雨水,2,18
2034,惊蛰,3,5
2034,春分,3,20
2034,清明,4,5
2034,谷雨,4,20
2034,立夏,5,5
2034,小满,5,21
2034,芒种,6,5
2034,夏至,6,21
2034,小暑,7,7
2034,大暑,7,23
2034,立秋,8,7
2034,处暑,8,23
2034,白露,9,7
2034,秋分,9,23
2034,寒露,10,8
2034,霜降,10,23
2034,立冬,11,7
2034,小雪,11,22
2034,大雪,12,7
2034,冬至,12,22
2035,小寒,1,5
2035,大寒,1,20
2035,立春,2,4
2035,雨水,2,19
2035,惊蛰,3,6
2035,春分,3,21
2035,清明,4,5
2035,谷雨,4,20
2035,立夏,5,5
2035,小满,5,21
2035,芒种,6,6
2035,夏至,6,21
2035,小暑,7,7
2035,大暑,7,23
2035,立秋,8,7
2035,处暑,8,23
2035,白露,9,8
2035,秋分,9,23
2035,寒露,10,8
2035,霜降,10,23
2035,立冬,11,7
2035,小雪,11,22
2035,大雪,12,7
2035,冬至,12,22
2036,小寒,1,6
2036,大寒,1,20
2036,立春,2,4
2036,雨水,2,19
2036,惊蛰,3,5
2036,春分,3,20
2036,清明,4,4
2036,谷雨,4,19
2036,立夏,5,5
2036,小满,5,20
2036,芒种,6,5
2036,夏至,6,21
2036,小暑,7,6
2036,大暑,7,22
2036,立秋,8,7
2036,处暑,8,22
2036,白露,9,7
2036,秋分,9,22
2036,寒露,10,8
2036,霜降,10,23
2036,立冬,11,7
2036,小雪,11,22
2036,大雪,12,6
2036,冬至,12,21
2037,小寒,1,5
2037,大寒,1,20
2037,立春,2,3
2037,雨水,2,18
2037,惊蛰,3,5
2037,春分,3,20
2037,清明,4,4
2037,谷雨,4,20
2037,立夏,5,5
2037,小满,5,21
2037,芒种,6,5
2037,夏至,6,21
2037,小暑,7,7
2037,大暑,7,22
2037,立秋,8,7
2037,处暑,8,23
2037,白露,9,7
2037,秋分,9,23
2037,寒露,10,8
2037,霜降,10,23
2037,立冬,11,7
2037,小雪,11,22
2037,大雪,12,7
2037,冬至,12,21
2038,小寒,1,5
2038,大寒,1,20
2038,立春,2,4
2038,雨水,2,18
2038,惊蛰,3,5
2038,春分,3,20
2038,清明,4,5
2038,谷雨,4,20
2038,立夏,5,5
2038,小满,5,21
2038,芒种,6,5
2038,夏至,6,21
2038,小暑,7,7
2038,大暑,7,23
2038,立秋,8,7
2038,处暑,8,23
2038,白露,9,7
2038,秋分,9,23
2038,寒露,10,8
2038,霜降,10,23
2038,立冬,11,7
2038,小雪,11,22
2038,大雪,12,7
2038,冬至,12,22
2039,小寒,1,5
2039,大寒,1,20
2039,立春,2,4
2039,雨水,2,19
2039,惊蛰,3,6
2039,春分,3,21
2039,清明,4,5
2039,谷雨,4,20
2039,立夏,5,5
2039,小满,5,21
2039,芒种,6,6
2039,夏至,6,21
2039,小暑,7,7
2039,大暑,7,23
2039,立秋,8,7
2039,处暑,8,23
2039,白露,9,8
2039,秋分,9,23
2039,寒露,10,8
2039,霜降,10,23
2039,立冬,11,7
2039,小雪,11,22
2039,大雪,12,7
2039,冬至,12,22
2040,小寒,1,6
2040,大寒,1,20
2040,立春,2,4
2040,雨水,2,19
2040,惊蛰,3,5
2040,春分,3,20
2040,清明,4,4
2040,谷雨,4,19
2040,立夏,5,5
2040,小满,5,20
2040,芒种,6,5
2040,夏至,6,21
2040,小暑,7,6
2040,大暑,7,22
2040,立秋,8,7
2040,处暑,8,22
2040,白露,9,7
2040,秋分,9,22
2040,寒露,10,8
2040,霜降,10,23
2040,立冬,11,7
2040,小雪,11,22
2040,大雪,12,6
2040,冬至,12,21
2041,小寒,1,5
2041,大寒,1,20
2041,立春,2,3
2041,雨水,2,18
2041,惊蛰,3,5
2041,春分,3,20
2041,清明,4,4
2041,谷雨,4,20
2041,立夏,5,5
2041,小满,5,20
2041,芒种,6,5
2041,夏至,6,21
2041,小暑,7,7
2041,大暑,7,22
2041,立秋,8,7
2041,处暑,8,23
2041,白露,9,7
2041,秋分,9,22
2041,寒露,10,8
2041,霜降,10,23
2041,立冬,11,7
2041,小雪,11,22
2041,大雪,12,7
2041,冬至,12,21
2042,小寒,1,5
2042,大寒,1,20
2042,立春,2,4
2042,雨水,2,18
2042,惊蛰,3,5
2042,春分,3,20
2042,清明,4,4
2042,谷雨,4,20
2042,立夏,5,5
2042,小满,5,21
2042,芒种,6,5
2042,夏至,6,21
2042,小暑,7,7
2042,大暑,7,23
2042,立秋,8,7
2042,处暑,8,23
2042,白露,9,7
2042,秋分,9,23
2042,寒露,10,8
2042,霜降,10,23
2042,立冬,11,7
2042,小雪,11,22
2042,大雪,12,7
2042,冬至,12,22
2043,小寒,1,5
2043,大寒,1,20
2043,立春,2,4
2043,雨水,2,19
2043,惊蛰,3,6
2043,春分,3,21
2043,清明,4,5
2043,谷雨,4,20
2043,立夏,5,5
2043,小满,5,21
2043,芒种,6,6
2043,夏至,6,21
2043,小暑,7,7
2043,大暑,7,23
2043,立秋,8,7
2043,处暑,8,23
2043,白露,9,8
2043,秋分,9,23
2043,寒露,10,8
2043,霜降,10,23
2043,立冬,11,7
2043,小雪,11,22
2043,大雪,12,7
2043,冬至,12,22
2044,小寒,1,6
2044,大寒,1,20
2044,立春,2,4
2044,雨水,2,19
2044,惊蛰,3,5
2044,春分,3,20
2044,清明,4,4
2044,谷雨,4,19
2044,立夏,5,5
2044,小满,5,20
2044,芒种,6,5
2044,夏至,6,21
2044,小暑,7,6
2044,大暑,7,22
2044,立秋,8,7
2044,处暑,8,22
2044,白露,9,7
2044,秋分,9,22
2044,寒露,10,7
2044,霜降,10,23
2044,立冬,11,7
2044,小雪,11,22
2044,大雪,12,6
2044,冬至,12,21
2045,小寒,1,5
2045,大寒,1,20
2045,立春,2,3
2045,雨水,2,18
2045,惊蛰,3,5
2045,春分,3,20
2045,清明,4,4
2045,谷雨,4,19
2045,立夏,5,5
2045,小满,5,20
2045,芒种,6,5
2045,夏至,6,21
2045,小暑,7,7
2045,大暑,7,22
2045,立秋,8,7
2045,处暑,8,23
2045,白露,9,7
2045,秋分,9,22
2045,寒露,10,8
2045,霜降,10,23
2045,立冬,11,7
2045,小雪,11,22
2045,大雪,12,7
2045,冬至,12,21
2046,小寒,1,5
2046,大寒,1,20
2046,立春,2,4
2046,雨水,2,18
2046,惊蛰,3,5
2046,春分,3,20
2046,清明,4,4
2046,谷雨,4,20
2046,立夏,5,5
2046,小满,5,21
2046,芒种,6,5
2046,夏至,6,21
2046,小暑,7,7
2046,大暑,7,22
2046,立秋,8,7
2046,处暑,8,23
2046,白露,9,7
2046,秋分,9,23
2046,寒露,10,8
2046,霜降,10,23
2046,立冬,11,7
2046,小雪,11,22
2046,大雪,12,7
2046,冬至,12,22
2047,小寒,1,5
2047,大寒,1,20
2047,立春,2,4
2047,雨水,2,19
2047,惊蛰,3,6
2047,春分,3,21
2047,清明,4,5
2047,谷雨,4,20
2047,立夏,5,5
2047,小满,5,21
2047,芒种,6,6
2047,夏至,6,21
2047,小暑,7,7
2047,大暑,7,23
2047,立秋,8,7
2047,处暑,8,23
2047,白露,9,8
2047,秋分,9,23
2047,寒露,10,8
2047,霜降,10,23
2047,立冬,11,7
2047,小雪,11,22
2047,大雪,12,7
2047,冬至,12,22
2048,小寒,1,6
2048,大寒,1,20
2048,立春,2,4
2048,雨水,2,19
2048,惊蛰,3,5
2048,春分,3,20
2048,清明,4,4
2048,谷雨,4,19
2048,立夏,5,5
2048,小满,5,20
2048,芒种,6,5
2048,夏至,6,20
2048,小暑,7,6
2048,大暑,7,22
2048,立秋,8,7
2048,处暑,8,22
2048,白露,9,7
2048,秋分,9,22
2048,寒露,10,7
2048,霜降,10,23
2048,立冬,11,7
2048,小雪,11,21
2048,大雪,12,6
2048,冬至,12,21
2049,小寒,1,5
2049,大寒,1,19
2049,立春,2,3
2049,雨水,2,18
2049,惊蛰,3,5
2049,春分,3,20
2049,清明,4,4
2049,谷雨,4,19
2049,立夏,5,5
2049,小满,5,20
2049,芒种,6,5
2049,夏至,6,21
2049,小暑,7,6
2049,大暑,7,22
2049,立秋,8,7
2049,处暑,8,22
2049,白露,9,7
2049,秋分,9,22
2049,寒露,10,8
2049,霜降,10,23
2049,立冬,11,7
2049,小雪,11,22
2049,大雪,12,7
2049,冬至,12,21
2050,小寒,1,5
2050,大寒,1,20
2050,立春,2,3
2050,雨水,2,18
2050,惊蛰,3,5
2050,春分,3,20
2050,清明,4,4
2050,谷雨,4,20
2050,立夏,5,5
2050,小满,5,21
2050,芒种,6,5
2050,夏至,6,21
2050,小暑,7,7
2050,大暑,7,22
2050,立秋,8,7
2050,处暑,8,23
2050,白露,9,7
2050,秋分,9,23
2050,寒露,10,8
2050,霜降,10,23
2050,立冬,11,7
2050,小雪,11,22
2050,大雪,12,7
2050,冬至,12,22
2051,小寒,1,5
2051,大寒,1,20
2051,立春,2,4
2051,雨水,2,19
2051,惊蛰,3,5
2051,春分,3,20
2051,清明,4,5
2051,谷雨,4,20
2051,立夏,5,5
2051,小满,5,21
2051,芒种,6,6
2051,夏至,6,21
2051,小暑,7,7
2051,大暑,7,23
2051,立秋,8,7
2051,处暑,8,23
2051,白露,9,7
2051,秋分,9,23
2051,寒露,10,8
2051,霜降,10,23
2051,立冬,11,7
2051,小雪,11,22
2051,大雪,12,7
2051,冬至,12,22
2052,小寒,1,5
2052,大寒,1,20
2052,立春,2,4
2052,雨水,2,19
2052,惊蛰,3,5
2052,春分,3,20
2052,清明,4,4
2052,谷雨,4,19
2052,立夏,5,5
2052,小满,5,20
2052,芒种,6,5
2052,夏至,6,20
2052,小暑,7,6
2052,大暑,7,22
2052,立秋,8,7
2052,处暑,8,22
2052,白露,9,7
2052,秋分,9,22
2052,寒露,10,7
2052,霜降,10,23
2052,立冬,11,7
2052,小雪,11,21
2052,大雪,12,6
2052,冬至,12,21
2053,小寒,1,5
2053,大寒,1,19
2053,立春,2,3
2053,雨水,2,18
2053,惊蛰,3,5
2053,春分,3,20
2053,清明,4,4
2053,谷雨,4,19
2053,立夏,5,5
2053,小满,5,20
2053,芒种,6,5
2053,夏至,6,21
2053,小暑,7,6
2053,大暑,7,22
2053,立秋,8,7
2053,处暑,8,22
2053,白露,9,7
2053,秋分,9,22
2053,寒露,10,8
2053,霜降,10,23
2053,立冬,11,7
2053,小雪,11,22
2053,大雪,12,7
2053,冬至,12,21
2054,小寒,1,5
2054,大寒,1,20
2054,立春,2,3
2054,雨水,2,18
2054,惊蛰,3,5
2054,春分,3,20
2054,清明,4,4
2054,谷雨,4,20
2054,立夏,5,5
2054,小满,5,21
2054,芒种,6,5
2054,夏至,6,21
2054,小暑,7,7
2054,大暑,7,22
2054,立秋,8,7
2054,处暑,8,23
2054,白露,9,7
2054,秋分,9,23
2054,寒露,10,8
2054,霜降,10,23
2054,立冬,11,7
2054,小雪,11,22
2054,大雪,12,7
2054,冬至,12,22
2055,小寒,1,5
2055,大寒,1,20
2055,立春,2,4
2055,雨水,2,19
2055,惊蛰,3,5
2055,春分,3,20
2055,清明,4,5
2055,谷雨,4,20
2055,立夏,5,5
2055,小满,5,21
2055,芒种,6,5
2055,夏至,6,21
2055,小暑,7,7
2055,大暑,7,23
2055,立秋,8,7
2055,处暑,8,23
2055,白露,9,7
2055,秋分,9,23
2055,寒露,10,8
2055,霜降,10,23
2055,立冬,11,7
2055,小雪,11,22
2055,大雪,12,7
2055,冬至,12,22
2056,小寒,1,5
2056,大寒,1,20
2056,立春,2,4
2056,雨水,2,19
2056,惊蛰,3,5
2056,春分,3,20
2056,清明,4,4
2056,谷雨,4,19
2056,立夏,5,5
2056,小满,5,20
2056,芒种,6,5
2056,夏至,6,20
2056,小暑,7,6
2056,大暑,7,22
2056,立秋,8,7
2056,处暑,8,22
2056,白露,9,7
2056,秋分,9,22
2056,寒露,10,7
2056,霜降,10,23
2056,立冬,11,7
2056,小雪,11,21
2056,大雪,12,6
2056,冬至,12,21
2057,小寒,1,5
2057,大寒,1,19
2057,立春,2,3
2057,雨水,2,18
2057,惊蛰,3,5
2057,春分,3,20
2057,清明,4,4
2057,谷雨,4,19
2057,立夏,5,5
2057,小满,5,20
2057,芒种,6,5
2057,夏至,6,21
2057,小暑,7,6
2057,大暑,7,22
2057,立秋,8,7
2057,处暑,8,22
2057,白露,9,7
2057,秋分,9,22
2057,寒露,10,8
2057,霜降,10,23
2057,立冬,11,7
2057,小雪,11,22
2057,大雪,12,6
2057,冬至,12,21
2058,小寒,1,5
2058,大寒,1,20
2058,立春,2,3
2058,雨水,2,18
2058,惊蛰,3,5
2058,春分,3,20
2058,清明,4,4
2058,谷雨,4,20
2058,立夏,5,5
2058,小满,5,21
2058,芒种,6,5
2058,夏至,6,21
2058,小暑,7,7
2058,大暑,7,22
2058,立秋,8,7
2058,处暑,8,23
2058,白露,9,7
2058,秋分,9,23
2058,寒露,10,8
2058,霜降,10,23
2058,立冬,11,7
2058,小雪,11,22
2058,大雪,12,7
2058,冬至,12,21
2059,小寒,1,5
2059,大寒,1,20
2059,立春,2,4
2059,雨水,2,19
2059,惊蛰,3,5
2059,春分,3,20
2059,清明,4,5
2059,谷雨,4,20
2059,立夏,5,5
2059,小满,5,21
2059,芒种,6,5
2059,夏至,6,21
2059,小暑,7,7
2059,大暑,7,23
2059,立秋,8,7
2059,处暑,8,23
2059,白露,9,7
2059,秋分,9,23
2059,寒露,10,8
2059,霜降,10,23
2059,立冬,11,7
2059,小雪,11,22
2059,大雪,12,7
2059,冬至,12,22
2060,小寒,1,5
2060,大寒,1,20
2060,立春,2,4
2060,雨水,2,19
2060,惊蛰,3,5
2060,春分,3,20
2060,清明,4,4
2060,谷雨,4,19
2060,立夏,5,5
2060,小满,5,20
2060,芒种,6,5
2060,夏至,6,20
2060,小暑,7,6
2060,大暑,7,22
2060,立秋,8,7
2060,处暑,8,22
2060,白露,9,7
2060,秋分,9,22
2060,寒露,10,7
2060,霜降,10,22
2060,立冬,11,6
2060,小雪,11,21
2060,大雪,12,6
2060,冬至,12,21
2061,小寒,1,5
2061,大寒,1,19
2061,立春,2,3
2061,雨水,2,18
2061,惊蛰,3,5
2061,春分,3,20
2061,清明,4,4
2061,谷雨,4,19
2061,立夏,5,5
2061,小满,5,20
2061,芒种,6,5
2061,夏至,6,21
2061,小暑,7,6
2061,大暑,7,22
2061,立秋,8,7
2061,处暑,8,22
2061,白露,9,7
2061,秋分,9,22
2061,寒露,10,8
2061,霜降,10,23
2061,立冬,11,7
2061,小雪,11,22
2061,大雪,12,6
2061,冬至,12,21
2062,小寒,1,5
2062,大寒,1,20
2062,立春,2,3
2062,雨水,2,18
2062,惊蛰,3,5
2062,春分,3,20
2062,清明,4,4
2062,谷雨,4,20
2062,立夏,5,5
2062,小满,5,21
2062,芒种,6,5
2062,夏至,6,21
2062,小暑,7,7
2062,大暑,7,22
2062,立秋,8,7
2062,处暑,8,23
2062,白露,9,7
2062,秋分,9,23
2062,寒露,10,8
2062,霜降,10,23
2062,立冬,11,7
2062,小雪,11,22
2062,大雪,12,7
2062,冬至,12,21
2063,小寒,1,5
2063,大寒,1,20
2063,立春,2,4
2063,雨水,2,18
2063,惊蛰,3,5
2063,春分,3,20
2063,清明,4,5
2063,谷雨,4,20
2063,立夏,5,5
2063,小满,5,21
2063,芒种,6,5
2063,夏至,6,21
2063,小暑,7,7
2063,大暑,7,23
2063,立秋,8,7
2063,处暑,8,23
2063,白露,9,7
2063,秋分,9,23
2063,寒露,10,8
2063,霜降,10,23
2063,立冬,11,7
2063,小雪,11,22
2063,大雪,12,7
2063,冬至,12,22
2064,小寒,1,5
2064,大寒,1,20
2064,立春,2,4
2064,雨水,2,19
2064,惊蛰,3,5
2064,春分,3,20
2064,清明,4,4
2064,谷雨,4,19
2064,立夏,5,5
2064,小满,5,20
2064,芒种,6,5
2064,夏至,6,20
2064,小暑,7,6
2064,大暑,7,22
2064,立秋,8,7
2064,处暑,8,22
2064,白露,9,7
2064,秋分,9,22
2064,寒露,10,7
2064,霜降,10,22
2064,立冬,11,6
2064,小雪,11,21
2064,大雪,12,6
2064,冬至,12,21
2065,小寒,1,5
2065,大寒,1,19
2065,立春,2,3
2065,雨水,2,18
2065,惊蛰,3,5
2065,春分,3,20
2065,清明,4,4
2065,谷雨,4,19
2065,立夏,5,5
2065,小满,5,20
2065,芒种,6,5
2065,夏至,6,21
2065,小暑,7,6
2065,大暑,7,22
2065,立秋,8,7
2065,处暑,8,22
2065,白露,9,7
2065,秋分,9,22
2065,寒露,10,8
2065,霜降,10,23
2065,立冬,11,7
2065,小雪,11,22
2065,大雪,12,6
2065,冬至,12,21
2066,小寒,1,5
2066,大寒,1,20
2066,立春,2,3
2066,雨水,2,18
2066,惊蛰,3,5
2066,春分,3,20
2066,清明,4,4
2066,谷雨,4,20
2066,立夏,5,5
2066,小满,5,21
2066,芒种,6,5
2066,夏至,6,21
2066,小暑,7,7
2066,大暑,7,22
2066,立秋,8,7
2066,处暑,8,23
2066,白露,9,7
2066,秋分,9,23
2066,寒露,10,8
2066,霜降,10,23
2066,立冬,11,7
2066,小雪,11,22
2066,大雪,12,7
2066,冬至,12,21
2067,小寒,1,5
2067,大寒,1,20
2067,立春,2,4
2067,雨水,2,18
2067,惊蛰,3,5
2067,春分,3,20
2067,清明,4,5
2067,谷雨,4,20
2067,立夏,5,5
2067,小满,5,21
2067,芒种,6,5
2067,夏至,6,21
2067,小暑,7,7
2067,大暑,7,23
2067,立秋,8,7
2067,处暑,8,23
2067,白露,9,7
2067,秋分,9,23
2067,寒露,10,8
2067,霜降,10,23
2067,立冬,11,7
2067,小雪,11,22
2067,大雪,12,7
2067,冬至,12,22
2068,小寒,1,5
2068,大寒,1,20
2068,立春,2,4
2068,雨水,2,19
2068,惊蛰,3,5
2068,春分,3,20
2068,清明,4,4
2068,谷雨,4,19
2068,立夏,5,4
2068,小满,5,20
2068,芒种,6,5
2068,夏至,6,20
2068,小暑,7,6
2068,大暑,7,22
2068,立秋,8,6
2068,处暑,8,22
2068,白露,9,7
2068,秋分,9,22
2068,寒露,10,7
2068,霜降,10,22
2068,立冬,11,6
2068,小雪,11,21
2068,大雪,12,6
2068,冬至,12,21
2069,小寒,1,5
2069,大寒,1,19
2069,立春,2,3
2069,雨水,2,18
2069,惊蛰,3,5
2069,春分,3,20
2069,清明,4,4
2069,谷雨,4,19
2069,立夏,5,5
2069,小满,5,20
2069,芒种,6,5
2069,夏至,6,21
2069,小暑,7,6
2069,大暑,7,22
2069,立秋,8,7
2069,处暑,8,22
2069,白露,9,7
2069,秋分,9,22
2069,寒露,10,8
2069,霜降,10,23
2069,立冬,11,7
2069,小雪,11,22
2069,大雪,12,6
2069,冬至,12,21
2070,小寒,1,5
2070,大寒,1,20
2070,立春,2,3
2070,雨水,2,18
2070,惊蛰,3,5
2070,春分,3,20
2070,清明,4,4
2070,谷雨,4,20
2070,立夏,5,5
2070,小满,5,20
2070,芒种,6,5
2070,夏至,6,21
2070,小暑,7,7
2070,大暑,7,22
2070,立秋,8,7
2070,处暑,8,23
2070,白露,9,7
2070,秋分,9,22
2070,寒露,10,8
2070,霜降,10,23
2070,立冬,11,7
2070,小雪,11,22
2070,大雪,12,7
2070,冬至,12,21
2071,小寒,1,5
2071,大寒,1,20
2071,立春,2,4
2071,雨水,2,18
2071,惊蛰,3,5
2071,春分,3,20
2071,清明,4,5
2071,谷雨,4,20
2071,立夏,5,5
2071,小满,5,21
2071,芒种,6,5
2071,夏至,6,21
2071,小暑,7,7
2071,大暑,7,23
2071,立秋,8,7
2071,处暑,8,23
2071,白露,9,7
2071,秋分,9,23
2071,寒露,10,8
2071,霜降,10,23
2071,立冬,11,7
2071,小雪,11,22
2071,大雪,12,7
2071,冬至,12,22
2072,小寒,1,5
2072,大寒,1,20
2072,立春,2,4
2072,雨水,2,19
2072,惊蛰,3,5
2072,春分,3,20
2072,清明,4,4
2072,谷雨,4,19
2072,立夏,5,4
2072,小满,5,20
2072,芒种,6,5
2072,夏至,6,20
2072,小暑,7,6
2072,大暑,7,22
2072,立秋,8,6
2072,处暑,8,22
2072,白露,9,7
2072,秋分,9,22
2072,寒露,10,7
2072,霜降,10,22
2072,立冬,11,6
2072,小雪,11,21
2072,大雪,12,6
2072,冬至,12,21
2073,小寒,1,5
2073,大寒,1,19
2073,立春,2,3
2073,雨水,2,18
2073,惊蛰,3,5
2073,春分,3,20
2073,清明,4,4
2073,谷雨,4,19
2073,立夏,5,5
2073,小满,5,20
2073,芒种,6,5
2073,夏至,6,21
2073,小暑,7,6
2073,大暑,7,22
2073,立秋,8,7
2073,处暑,8,22
2073,白露,9,7
2073,秋分,9,22
2073,寒露,10,7
2073,霜降,10,23
2073,立冬,11,7
2073,小雪,11,22
2073,大雪,12,6
2073,冬至,12,21
2074,小寒,1,5
2074,大寒,1,20
2074,立春,2,3
2074,雨水,2,18
2074,惊蛰,3,5
2074,春分,3,20
2074,清明,4,4
2074,谷雨,4,20
2074,立夏,5,5
2074,小满,5,20
2074,芒种,6,5
2074,夏至,6,21
2074,小暑,7,7
2074,大暑,7,22
2074,立秋,8,7
2074,处暑,8,23
2074,白露,9,7
2074,秋分,9,22
2074,寒露,10,8
2074,霜降,10,23
2074,立冬,11,7
2074,小雪,11,22
2074,大雪,12,7
2074,冬至,12,21
2075,小寒,1,5
2075,大寒,1,20
2075,立春,2,4
2075,雨水,2,18
2075,惊蛰,3,5
2075,春分,3,20
2075,清明,4,4
2075,谷雨,4,20
2075,立夏,5,5
2075,小满,5,21
2075,芒种,6,5
2075,夏至,6,21
2075,小暑,7,7
2075,大暑,7,22
2075,立秋,8,7
2075,处暑,8,23
2075,白露,9,7
2075,秋分,9,23
2075,寒露,10,8
2075,霜降,10,23
2075,立冬,11,7
2075,小雪,11,22
2075,大雪,12,7
2075,冬至,12,22
2076,小寒,1,5
2076,大寒,1,20
2076,立春,2,4
2076,雨水,2,19
2076,惊蛰,3,5
2076,春分,3,20
2076,清明,4,4
2076,谷雨,4,19
2076,立夏,5,4
2076,小满,5,20
2076,芒种,6,5
2076,夏至,6,20
2076,小暑,7,6
2076,大暑,7,22
2076,立秋,8,6
2076,处暑,8,22
2076,白露,9,7
2076,秋分,9,22
2076,寒露,10,7
2076,霜降,10,22
2076,立冬,11,6
2076,小雪,11,21
2076,大雪,12,6
2076,冬至,12,21
2077,小寒,1,5
2077,大寒,1,19
2077,立春,2,3
2077,雨水,2,18
2077,惊蛰,3,5
2077,春分,3,20
2077,清明,4,4
2077,谷雨,4,19
2077,立夏,5,5
2077,小满,5,20
2077,芒种,6,5
2077,夏至,6,21
2077,小暑,7,6
2077,大暑,7,22
2077,立秋,8,7
2077,处暑,8,22
2077,白露,9,7
2077,秋分,9,22
2077,寒露,10,7
2077,霜降,10,23
2077,立冬,11,7
2077,小雪,11,22
2077,大雪,12,6
2077,冬至,12,21
2078,小寒,1,5
2078,大寒,1,20
2078,立春,2,3
2078,雨水,2,18
2078,惊蛰,3,5
2078,春分,3,20
2078,清明,4,4
2078,谷雨,4,19
2078,立夏,5,5
2078,小满,5,20
2078,芒种,6,5
2078,夏至,6,21
2078,小暑,7,6
2078,大暑,7,22
2078,立秋,8,7
2078,处暑,8,23
2078,白露,9,7
2078,秋分,9,22
2078,寒露,10,8
2078,霜降,10,23
2078,立冬,11,7
2078,小雪,11,22
2078,大雪,12,7
2078,冬至,12,21
2079,小寒,1,5
2079,大寒,1,20
2079,立春,2,4
2079,雨水,2,18
2079,惊蛰,3,5
2079,春分,3,20
2079,清明,4,4
2079,谷雨,4,20
2079,立夏,5,5
2079,小满,5,21
2079,芒种,6,5
2079,夏至,6,21
2079,小暑,7,7
2079,大暑,7,22
2079,立秋,8,7
2079,处暑,8,23
2079,白露,9,7
2079,秋分,9,23
2079,寒露,10,8
2079,霜降,10,23
2079,立冬,11,7
2079,小雪,11,22
2079,大雪,12,7
2079,冬至,12,22
2080,小寒,1,5
2080,大寒,1,20
2080,立春,2,4
2080,雨水,2,19
2080,惊蛰,3,5
2080,春分,3,20
2080,清明,4,4
2080,谷雨,4,19
2080,立夏,5,4
2080,小满,5,20
2080,芒种,6,5
2080,夏至,6,20
2080,小暑,7,6
2080,大暑,7,22
2080,立秋,8,6
2080,处暑,8,22
2080,白露,9,7
2080,秋分,9,22
2080,寒露,10,7
2080,霜降,10,22
2080,立冬,11,6
2080,小雪,11,21
2080,大雪,12,6
2080,冬至,12,21
2081,小寒,1,5
2081,大寒,1,19
2081,立春,2,3
2081,雨水,2,18
2081,惊蛰,3,5
2081,春分,3,20
2081,清明,4,4
2081,谷雨,4,19
2081,立夏,5,5
2081,小满,5,20
2081,芒种,6,5
2081,夏至,6,20
2081,小暑,7,6
2081,大暑,7,22
2081,立秋,8,7
2081,处暑,8,22
2081,白露,9,7
2081,秋分,9,22
2081,寒露,10,7
2081,霜降,10,23
2081,立冬,11,7
2081,小雪,11,21
2081,大雪,12,6
2081,冬至,12,21
2082,小寒,1,5
2082,大寒,1,20
2082,立春,2,3
2082,雨水,2,18
2082,惊蛰,3,5
2082,春分,3,20
2082,清明,4,4
2082,谷雨,4,19
2082,立夏,5,5
2082,小满,5,20
2082,芒种,6,5
2082,夏至,6,21
2082,小暑,7,6
2082,大暑,7,22
2082,立秋,8,7
2082,处暑,8,22
2082,白露,9,7
2082,秋分,9,22
2082,寒露,10,8
2082,霜降,10,23
2082,立冬,11,7
2082,小雪,11,22
2082,大雪,12,7
2082,冬至,12,21
2083,小寒,1,5
2083,大寒,1,20
2083,立春,2,3
2083,雨水,2,18
2083,惊蛰,3,5
2083,春分,3,20
2083,清明,4,4
2083,谷雨,4,20
2083,立夏,5,5
2083,小满,5,21
2083,芒种,6,5
2083,夏至,6,21
2083,小暑,7,7
2083,大暑,7,22
2083,立秋,8,7
2083,处暑,8,23
2083,白露,9,7
2083,秋分,9,23
2083,寒露,10,8
2083,霜降,10,23
2083,立冬,11,7
2083,小雪,11,22
2083,大雪,12,7
2083,冬至,12,22
2084,小寒,1,5
2084,大寒,1,20
2084,立春,2,4
2084,雨水,2,19
2084,惊蛰,3,4
2084,春分,3,19
2084,清明,4,4
2084,谷雨,4,19
2084,立夏,5,4
2084,小满,5,20
2084,芒种,6,5
2084,夏至,6,20
2084,小暑,7,6
2084,大暑,7,22
2084,立秋,8,6
2084,处暑,8,22
2084,白露,9,6
2084,秋分,9,22
2084,寒露,10,7
2084,霜降,10,22
2084,立冬,11,6
2084,小雪,11,21
2084,大雪,12,6
2084,冬至,12,21
2085,小寒,1,4
2085,大寒,1,19
2085,立春,2,3
2085,雨水,2,18
2085,惊蛰,3,5
2085,春分,3,20
2085,清明,4,4
2085,谷雨,4,19
2085,立夏,5,5
2085,小满,5,20
2085,芒种,6,5
2085,夏至,6,20
2085,小暑,7,6
2085,大暑,7,22
2085,立秋,8,7
2085,处暑,8,22
2085,白露,9,7
2085,秋分,9,22
2085,寒露,10,7
2085,霜降,10,23
2085,立冬,11,7
2085,小雪,11,21
2085,大雪,12,6
2085,冬至,12,21
2086,小寒,1,5
2086,大寒,1,19
2086,立春,2,3
2086,雨水,2,18
2086,惊蛰,3,5
2086,春分,3,20
2086,清明,4,4
2086,谷雨,4,19
2086,立夏,5,5
2086,小满,5,20
2086,芒种,6,5
2086,夏至,6,21
2086,小暑,7,6
2086,大暑,7,22
2086,立秋,8,7
2086,处暑,8,22
2086,白露,9,7
2086,秋分,9,22
2086,寒露,10,8
2086,霜降,10,23
2086,立冬,11,7
2086,小雪,11,22
2086,大雪,12,7
2086,冬至,12,21
2087,小寒,1,5
2087,大寒,1,20
2087,立春,2,3
2087,雨水,2,18
2087,惊蛰,3,5
2087,春分,3,20
2087,清明,4,4
2087,谷雨,4,20
2087,立夏,5,5
2087,小满,5,21
2087,芒种,6,5
2087,夏至,6,21
2087,小暑,7,7
2087,大暑,7,22
2087,立秋,8,7
2087,处暑,8,23
2087,白露,9,7
2087,秋分,9,23
2087,寒露,10,8
2087,霜降,10,23
2087,立冬,11,7
2087,小雪,11,22
2087,大雪,12,7
2087,冬至,12,22
2088,小寒,1,5
2088,大寒,1,20
2088,立春,2,4
2088,雨水,2,19
2088,惊蛰,3,4
2088,春分,3,19
2088,清明,4,4
2088,谷雨,4,19
2088,立夏,5,4
2088,小满,5,20
2088,芒种,6,4
2088,夏至,6,20
2088,小暑,7,6
2088,大暑,7,22
2088,立秋,8,6
2088,处暑,8,22
2088,白露,9,6
2088,秋分,9,22
2088,寒露,10,7
2088,霜降,10,22
2088,立冬,11,6
2088,小雪,11,21
2088,大雪,12,6
2088,冬至,12,21
2089,小寒,1,4
2089,大寒,1,19
2089,立春,2,3
2089,雨水,2,18
2089,惊蛰,3,5
2089,春分,3,20
2089,清明,4,4
2089,谷雨,4,19
2089,立夏,5,5
2089,小满,5,20
2089,芒种,6,5
2089,夏至,6,20
2089,小暑,7,6
2089,大暑,7,22
2089,立秋,8,7
2089,处暑,8,22
2089,白露,9,7
2089,秋分,9,22
2089,寒露,10,7
2089,霜降,10,23
2089,立冬,11,7
2089,小雪,11,21
2089,大雪,12,6
2089,冬至,12,21
2090,小寒,1,5
2090,大寒,1,19
2090,立春,2,3
2090,雨水,2,18
2090,惊蛰,3,5
2090,春分,3,20
2090,清明,4,4
2090,谷雨,4,19
2090,立夏,5,5
2090,小满,5,20
2090,芒种,6,5
2090,夏至,6,21
2090,小暑,7,6
2090,大暑,7,22
2090,立秋,8,7
2090,处暑,8,22
2090,白露,9,7
2090,秋分,9,22
2090,寒露,10,8
2090,霜降,10,23
2090,立冬,11,7
2090,小雪,11,22
2090,大雪,12,6
2090,冬至,12,21
2091,小寒,1,5
2091,大寒,1,20
2091,立春,2,3
2091,雨水,2,18
2091,惊蛰,3,5
2091,春分,3,20
2091,清明,4,4
2091,谷雨,4,20
2091,立夏,5,5
2091,小满,5,21
2091,芒种,6,5
2091,夏至,6,21
2091,小暑,7,7
2091,大暑,7,22
2091,立秋,8,7
2091,处暑,8,23
2091,白露,9,7
2091,秋分,9,23
2091,寒露,10,8
2091,霜降,10,23
2091,立冬,11,7
2091,小雪,11,22
2091,大雪,12,7
2091,冬至,12,21
2092,小寒,1,5
2092,大寒,1,20
2092,立春,2,4
2092,雨水,2,19
2092,惊蛰,3,4
2092,春分,3,19
2092,清明,4,4
2092,谷雨,4,19
2092,立夏,5,4
2092,小满,5,20
2092,芒种,6,4
2092,夏至,6,20
2092,小暑,7,6
2092,大暑,7,22
2092,立秋,8,6
2092,处暑,8,22
2092,白露,9,6
2092,秋分,9,22
2092,寒露,10,7
2092,霜降,10,22
2092,立冬,11,6
2092,小雪,11,21
2092,大雪,12,6
2092,冬至,12,21
2093,小寒,1,4
2093,大寒,1,19
2093,立春,2,3
2093,雨水,2,18
2093,惊蛰,3,5
2093,春分,3,20
2093,清明,4,4
2093,谷雨,4,19
2093,立夏,5,5
2093,小满,5,20
2093,芒种,6,5
2093,夏至,6,20
2093,小暑,7,6
2093,大暑,7,22
2093,立秋,8,7
2093,处暑,8,22
2093,白露,9,7
2093,秋分,9,22
2093,寒露,10,7
2093,霜降,10,22
2093,立冬,11,6
2093,小雪,11,21
2093,大雪,12,6
2093,冬至,12,21
2094,小寒,1,5
2094,大寒,1,19
2094,立春,2,3
2094,雨水,2,18
2094,惊蛰,3,5
2094,春分,3,20
2094,清明,4,4
2094,谷雨,4,19
2094,立夏,5,5
2094,小满,5,20
2094,芒种,6,5
2094,夏至,6,21
2094,小暑,7,6
2094,大暑,7,22
2094,立秋,8,7
2094,处暑,8,22
2094,白露,9,7
2094,秋分,9,22
2094,寒露,10,8
2094,霜降,10,23
2094,立冬,11,7
2094,小雪,11,22
2094,大雪,12,6
2094,冬至,12,21
2095,小寒,1,5
2095,大寒,1,20
2095,立春,2,3
2095,雨水,2,18
2095,惊蛰,3,5
2095,春分,3,20
2095,清明,4,4
2095,谷雨,4,20
2095,立夏,5,5
2095,小满,5,21
2095,芒种,6,5
2095,夏至,6,21
2095,小暑,7,7
2095,大暑,7,22
2095,立秋,8,7
2095,处暑,8,23
2095,白露,9,7
2095,秋分,9,23
2095,寒露,10,8
2095,霜降,10,23
2095,立冬,11,7
2095,小雪,11,22
2095,大雪,12,7
2095,冬至,12,21
2096,小寒,1,5
2096,大寒,1,20
2096,立春,2,4
2096,雨水,2,18
2096,惊蛰,3,4
2096,春分,3,19
2096,清明,4,4
2096,谷雨,4,19
2096,立夏,5,4
2096,小满,5,20
2096,芒种,6,4
2096,夏至,6,20
2096,小暑,7,6
2096,大暑,7,22
2096,立秋,8,6
2096,处暑,8,22
2096,白露,9,6
2096,秋分,9,22
2096,寒露,10,7
2096,霜降,10,22
2096,立冬,11,6
2096,小雪,11,21
2096,大雪,12,6
2096,冬至,12,21
2097,小寒,1,4
2097,大寒,1,19
2097,立春,2,3
2097,雨水,2,18
2097,惊蛰,3,5
2097,春分,3,20
2097,清明,4,4
2097,谷雨,4,19
2097,立夏,5,5
2097,小满,5,20
2097,芒种,6,5
2097,夏至,6,20
2097,小暑,7,6
2097,大暑,7,22
2097,立秋,8,6
2097,处暑,8,22
2097,白露,9,7
2097,秋分,9,22
2097,寒露,10,7
2097,霜降,10,22
2097,立冬,11,6
2097,小雪,11,21
2097,大雪,12,6
2097,冬至,12,21
2098,小寒,1,5
2098,大寒,1,19
2098,立春,2,3
2098,雨水,2,18
2098,惊蛰,3,5
2098,春分,3,20
2098,清明,4,4
2098,谷雨,4,19
2098,立夏,5,5
2098,小满,5,20
2098,芒种,6,5
2098,夏至,6,21
2098,小暑,7,6
2098,大暑,7,22
2098,立秋,8,7
2098,处暑,8,22
2098,白露,9,7
2098,秋分,9,22
2098,寒露,10,8
2098,霜降,10,23
2098,立冬,11,7
2098,小雪,11,22
2098,大雪,12,6
2098,冬至,12,21
2099,小寒,1,5
2099,大寒,1,20
2099,立春,2,3
2099,雨水,2,18
2099,惊蛰,3,5
2099,春分,3,20
2099,清明,4,4
2099,谷雨,4,20
2099,立夏,5,5
2099,小满,5,21
2099,芒种,6,5
2099,夏至,6,21
2099,小暑,7,7
2099,大暑,7,22
2099,立秋,8,7
2099,处暑,8,23
2099,白露,9,7
2099,秋分,9,23
2099,寒露,10,8
2099,霜降,10,23
2099,立冬,11,7
2099,小雪,11,22
2099,大雪,12,7
2099,冬至,12,21
2100,小寒,1,5
2100,大寒,1,20
2100,立春,2,4
2100,雨水,2,18
2100,惊蛰,3,5
2100,春分,3,20
2100,清明,4,5
2100,谷雨,4,20
2100,立夏,5,5
2100,小满,5,21
2100,芒种,6,5
2100,夏至,6,21
2100,小暑,7,7
2100,大暑,7,23
2100,立秋,8,7
2100,处暑,8,23
2100,白露,9,7
2100,秋分,9,23
2100,寒露,10,8
2100,霜降,10,23
2100,立冬,11,7
2100,小雪,11,22
2100,大雪,12,7
2100,冬至,12,22
