year,term,datetime,format
2017,小寒,2017-01-05 11:56,xml
2017,大寒,2017-01-20 05:24,xml
2017,立春,2017-02-03 23:34,xml
2017,雨水,2017-02-18 19:31,xml
2017,惊蛰,2017-03-05 17:33,xml
2017,春分,2017-03-20 18:29,xml
2017,清明,2017-04-04 22:17,xml
2017,谷雨,2017-04-20 05:27,xml
2017,立夏,2017-05-05 15:31,xml
2017,小满,2017-05-21 04:31,xml
2017,芒种,2017-06-05 19:37,xml
2017,夏至,2017-06-21 12:24,xml
2017,小暑,2017-07-07 05:51,xml
2017,大暑,2017-07-22 23:15,xml
2017,立秋,2017-08-07 15:40,xml
2017,处暑,2017-08-23 06:20,xml
2017,白露,2017-09-07 18:39,xml
2017,秋分,2017-09-23 04:02,xml
2017,寒露,2017-10-08 10:22,xml
2017,霜降,2017-10-23 13:27,xml
2017,立冬,2017-11-07 13:38,xml
2017,小雪,2017-11-22 11:05,xml
2017,大雪,2017-12-07 06:33,xml
2017,冬至,2017-12-22 00:28,xml
2018,小寒,2018-01-05 17:49,xml
2018,大寒,2018-01-20 11:09,xml
2018,立春,2018-02-04 05:28,xml
2018,雨水,2018-02-19 01:18,xml
2018,惊蛰,2018-03-05 23:28,xml
2018,春分,2018-03-21 00:15,xml
2018,清明,2018-04-05 04:13,xml
2018,谷雨,2018-04-20 11:13,xml
2018,立夏,2018-05-05 21:25,xml
2018,小满,2018-05-21 10:15,xml
2018,芒种,2018-06-06 01:29,xml
2018,夏至,2018-06-21 18:07,xml
2018,小暑,2018-07-07 11:42,xml
2018,大暑,2018-07-23 05:00,xml
2018,立秋,2018-08-07 21:31,xml
2018,处暑,2018-08-23 12:09,xml
2018,白露,2018-09-08 00:30,xml
2018,秋分,2018-09-23 09:54,xml
2018,寒露,2018-10-08 16:15,xml
2018,霜降,2018-10-23 19:22,xml
2018,立冬,2018-11-07 19:32,xml
2018,小雪,2018-11-22 17:01,xml
2018,大雪,2018-12-07 12:26,xml
2018,冬至,2018-12-22 06:23,xml
2019,小寒,2019-01-05 23:39,xml
2019,大寒,2019-01-20 17:00,xml
2019,立春,2019-02-04 11:14,xml
2019,雨水,2019-02-19 07:04,xml
2019,惊蛰,2019-03-06 05:10,xml
2019,春分,2019-03-21 05:58,xml
2019,清明,2019-04-05 09:51,xml
2019,谷雨,2019-04-20 16:55,xml
2019,立夏,2019-05-06 03:03,xml
2019,小满,2019-05-21 15:59,xml
2019,芒种,2019-06-06 07:06,xml
2019,夏至,2019-06-21 23:54,xml
2019,小暑,2019-07-07 17:21,xml
2019,大暑,2019-07-23 10:50,xml
2019,立秋,2019-08-08 03:13,xml
2019,处暑,2019-08-23 18:02,xml
2019,白露,2019-09-08 06:17,xml
2019,秋分,2019-09-23 15:50,xml
2019,寒露,2019-10-08 22:06,xml
2019,霜降,2019-10-24 01:20,xml
2019,立冬,2019-11-08 01:24,xml
2019,小雪,2019-11-22 22:59,xml
2019,大雪,2019-12-07 18:18,xml
2019,冬至,2019-12-22 12:19,xml
2020,小寒,2020-01-06 05:30,xml
2020,大寒,2020-01-20 22:55,xml
2020,立春,2020-02-04 17:03,xml
2020,雨水,2020-02-19 12:57,xml
2020,惊蛰,2020-03-05 10:57,xml
2020,春分,2020-03-20 11:50,xml
2020,清明,2020-04-04 15:38,xml
2020,谷雨,2020-04-19 22:45,xml
2020,立夏,2020-05-05 08:51,xml
2020,小满,2020-05-20 21:49,xml
2020,芒种,2020-06-05 12:58,xml
2020,夏至,2020-06-21 05:44,xml
2020,小暑,2020-07-06 23:14,xml
2020,大暑,2020-07-22 16:37,xml
2020,立秋,2020-08-07 09:06,xml
2020,处暑,2020-08-22 23:45,xml
2020,白露,2020-09-07 12:08,xml
2020,秋分,2020-09-22 21:31,xml
2020,寒露,2020-10-08 03:55,xml
2020,霜降,2020-10-23 07:00,xml
2020,立冬,2020-11-07 07:14,xml
2020,小雪,2020-11-22 04:40,xml
2020,大雪,2020-12-07 00:09,xml
2020,冬至,2020-12-21 18:02,xml
2021,小寒,2021-01-05 11:23,xml
2021,大寒,2021-01-20 04:40,xml
2021,立春,2021-02-03 22:59,xml
2021,雨水,2021-02-18 18:44,xml
2021,惊蛰,2021-03-05 16:54,xml
2021,春分,2021-03-20 17:37,xml
2021,清明,2021-04-04 21:35,xml
2021,谷雨,2021-04-20 04:33,xml
2021,立夏,2021-05-05 14:47,xml
2021,小满,2021-05-21 03:37,xml
2021,芒种,2021-06-05 18:52,xml
2021,夏至,2021-06-21 11:32,xml
2021,小暑,2021-07-07 05:05,xml
2021,大暑,2021-07-22 22:26,xml
2021,立秋,2021-08-07 14:54,xml
2021,处暑,2021-08-23 05:35,xml
2021,白露,2021-09-07 17:53,xml
2021,秋分,2021-09-23 03:21,xml
2021,寒露,2021-10-08 09:39,xml
2021,霜降,2021-10-23 12:51,xml
2021,立冬,2021-11-07 12:59,xml
2021,小雪,2021-11-22 10:34,xml
2021,大雪,2021-12-07 05:57,xml
2021,冬至,2021-12-21 23:59,xml
2022,小寒,2022-01-05 17:14,xml
2022,大寒,2022-01-20 10:39,xml
2022,立春,2022-02-04 04:51,xml
2022,雨水,2022-02-19 00:43,xml
2022,惊蛰,2022-03-05 22:44,xml
2022,春分,2022-03-20 23:33,xml
2022,清明,2022-04-05 03:20,xml
2022,谷雨,2022-04-20 10:24,xml
2022,立夏,2022-05-05 20:26,xml
2022,小满,2022-05-21 09:23,xml
2022,芒种,2022-06-06 00:26,xml
2022,夏至,2022-06-21 17:14,xml
2022,小暑,2022-07-07 10:38,xml
2022,大暑,2022-07-23 04:07,xml
2022,立秋,2022-08-07 20:29,xml
2022,处暑,2022-08-23 11:16,xml
2022,白露,2022-09-07 23:32,xml
2022,秋分,2022-09-23 09:04,xml
2022,寒露,2022-10-08 15:22,xml
2022,霜降,2022-10-23 18:36,xml
2022,立冬,2022-11-07 18:45,xml
2022,小雪,2022-11-22 16:20,xml
2022,大雪,2022-12-07 11:46,xml
2022,冬至,2022-12-22 05:48,xml
2023,小寒,2023-01-05 23:05,xml
2023,大寒,2023-01-20 16:30,xml
2023,立春,2023-02-04 10:43,xml
2023,雨水,2023-02-19 06:34,xml
2023,惊蛰,2023-03-06 04:36,xml
2023,春分,2023-03-21 05:24,xml
2023,清明,2023-04-05 09:13,xml
2023,谷雨,2023-04-20 16:14,xml
2023,立夏,2023-05-06 02:19,xml
2023,小满,2023-05-21 15:09,xml
2023,芒种,2023-06-06 06:18,xml
2023,夏至,2023-06-21 22:58,xml
2023,小暑,2023-07-07 16:31,xml
2023,大暑,2023-07-23 09:50,xml
2023,立秋,2023-08-08 02:23,xml
2023,处暑,2023-08-23 17:01,xml
2023,白露,2023-09-08 05:27,xml
2023,秋分,2023-09-23 14:50,xml
2023,寒露,2023-10-08 21:16,xml
2023,霜降,2023-10-24 00:21,xml
2023,立冬,2023-11-08 00:36,xml
2023,小雪,2023-11-22 22:03,xml
2023,大雪,2023-12-07 17:33,xml
2023,冬至,2023-12-22 11:27,xml
2024,小寒,2024-01-06 04:49,xml
2024,大寒,2024-01-20 22:07,xml
2024,立春,2024-02-04 16:27,xml
2024,雨水,2024-02-19 12:13,xml
2024,惊蛰,2024-03-05 10:23,xml
2024,春分,2024-03-20 11:06,xml
2024,清明,2024-04-04 15:02,xml
2024,谷雨,2024-04-19 22:00,xml
2024,立夏,2024-05-05 08:10,xml
2024,小满,2024-05-20 21:00,xml
2024,芒种,2024-06-05 12:10,xml
2024,夏至,2024-06-21 04:51,xml
2024,小暑,2024-07-06 22:20,xml
2024,大暑,2024-07-22 15:44,xml
2024,立秋,2024-08-07 08:09,xml
2024,处暑,2024-08-22 22:55,xml
2024,白露,2024-09-07 11:11,xml
2024,秋分,2024-09-22 20:44,xml
2024,寒露,2024-10-08 03:00,xml
2024,霜降,2024-10-23 06:15,xml
2024,立冬,2024-11-07 06:20,xml
2024,小雪,2024-11-22 03:56,xml
2024,大雪,2024-12-06 23:17,xml
2024,冬至,2024-12-21 17:21,xml
2025,小寒,2025-01-05 10:33,xml
2025,大寒,2025-01-20 04:00,xml
2025,立春,2025-02-03 22:10,xml
2025,雨水,2025-02-18 18:07,xml
2025,惊蛰,2025-03-05 16:07,xml
2025,春分,2025-03-20 17:01,xml
2025,清明,2025-04-04 20:49,xml
2025,谷雨,2025-04-20 03:56,xml
2025,立夏,2025-05-05 13:57,xml
2025,小满,2025-05-21 02:55,xml
2025,芒种,2025-06-05 17:57,xml
2025,夏至,2025-06-21 10:42,xml
2025,小暑,2025-07-07 04:05,xml
2025,大暑,2025-07-22 21:29,xml
2025,立秋,2025-08-07 13:52,xml
2025,处暑,2025-08-23 04:34,xml
2025,白露,2025-09-07 16:52,xml
2025,秋分,2025-09-23 02:19,xml
2025,寒露,2025-10-08 08:41,xml
2025,霜降,2025-10-23 11:51,xml
2025,立冬,2025-11-07 12:04,xml
2025,小雪,2025-11-22 09:36,xml
2025,大雪,2025-12-07 05:05,xml
2025,冬至,2025-12-21 23:03,xml
2026,小寒,2026-01-05 16:23,xml
2026,大寒,2026-01-20 09:45,xml
2026,立春,2026-02-04 04:02,xml
2026,雨水,2026-02-18 23:52,xml
2026,惊蛰,2026-03-05 21:59,xml
2026,春分,2026-03-20 22:46,xml
2026,清明,2026-04-05 02:40,xml
2026,谷雨,2026-04-20 09:39,xml
2026,立夏,2026-05-05 19:49,xml
2026,小满,2026-05-21 08:37,xml
2026,芒种,2026-06-05 23:48,xml
2026,夏至,2026-06-21 16:25,xml
2026,小暑,2026-07-07 09:57,xml
2026,大暑,2026-07-23 03:13,xml
2026,立秋,2026-08-07 19:43,xml
2026,处暑,2026-08-23 10:19,xml
2026,白露,2026-09-07 22:41,xml
2026,秋分,2026-09-23 08:05,xml
2026,寒露,2026-10-08 14:29,xml
2026,霜降,2026-10-23 17:38,xml
2026,立冬,2026-11-07 17:52,xml
2026,小雪,2026-11-22 15:23,xml
2026,大雪,2026-12-07 10:53,xml
2026,冬至,2026-12-22 04:50,xml
2027,小寒,2027-01-05 22:10,xml
2027,大寒,2027-01-20 15:30,xml
2027,立春,2027-02-04 09:46,xml
2027,雨水,2027-02-19 05:33,xml
2027,惊蛰,2027-03-06 03:40,xml
2027,春分,2027-03-21 04:25,xml
2027,清明,2027-04-05 08:17,xml
2027,谷雨,2027-04-20 15:18,xml
2027,立夏,2027-05-06 01:25,xml
2027,小满,2027-05-21 14:18,xml
2027,芒种,2027-06-06 05:26,xml
2027,夏至,2027-06-21 22:11,xml
2027,小暑,2027-07-07 15:37,xml
2027,大暑,2027-07-23 09:05,xml
2027,立秋,2027-08-08 01:27,xml
2027,处暑,2027-08-23 16:14,xml
2027,白露,2027-09-08 04:28,xml
2027,秋分,2027-09-23 14:02,xml
2027,寒露,2027-10-08 20:17,xml
2027,霜降,2027-10-23 23:33,xml
2027,立冬,2027-11-07 23:39,xml
2027,小雪,2027-11-22 21:16,xml
2027,大雪,2027-12-07 16:38,xml
2027,冬至,2027-12-22 10:42,xml
2028,小寒,2028-01-06 03:55,xml
2028,大寒,2028-01-20 21:22,xml
2028,立春,2028-02-04 15:31,xml
2028,雨水,2028-02-19 11:26,xml
2028,惊蛰,2028-03-05 09:25,xml
2028,春分,2028-03-20 10:17,xml
2028,清明,2028-04-04 14:03,xml
2028,谷雨,2028-04-19 21:09,xml
2028,立夏,2028-05-05 07:12,xml
2028,小满,2028-05-20 20:10,xml
2028,芒种,2028-06-05 11:16,xml
2028,夏至,2028-06-21 04:02,xml
2028,小暑,2028-07-06 21:30,xml
2028,大暑,2028-07-22 14:54,xml
2028,立秋,2028-08-07 07:21,xml
2028,处暑,2028-08-22 22:01,xml
2028,白露,2028-09-07 10:22,xml
2028,秋分,2028-09-22 19:45,xml
2028,寒露,2028-10-08 02:09,xml
2028,霜降,2028-10-23 05:13,xml
2028,立冬,2028-11-07 05:27,xml
2028,小雪,2028-11-22 02:54,xml
2028,大雪,2028-12-06 22:25,xml
2028,冬至,2028-12-21 16:20,xml
2015,小寒,2015-01-06 00:21,yearbook
2015,大寒,2015-01-20 17:43,yearbook
2015,立春,2015-02-04 11:58,yearbook
2015,雨水,2015-02-19 07:50,yearbook
2015,惊蛰,2015-03-06 05:56,yearbook
2015,春分,2015-03-21 06:45,yearbook
2015,清明,2015-04-05 10:39,yearbook
2015,谷雨,2015-04-20 17:42,yearbook
2015,立夏,2015-05-06 03:53,yearbook
2015,小满,2015-05-21 16:45,yearbook
2015,芒种,2015-06-06 07:58,yearbook
2015,夏至,2015-06-22 00:38,yearbook
2015,小暑,2015-07-07 18:12,yearbook
2015,大暑,2015-07-23 11:30,yearbook
2015,立秋,2015-08-08 04:01,yearbook
2015,处暑,2015-08-23 18:37,yearbook
2015,白露,2015-09-08 07:00,yearbook
2015,秋分,2015-09-23 16:21,yearbook
2015,寒露,2015-10-08 22:43,yearbook
2015,霜降,2015-10-24 01:47,yearbook
2015,立冬,2015-11-08 01:59,yearbook
2015,小雪,2015-11-22 23:25,yearbook
2015,大雪,2015-12-07 18:53,yearbook
2015,冬至,2015-12-22 12:48,yearbook
2016,小寒,2016-01-06 06:08,yearbook
2016,大寒,2016-01-20 23:27,yearbook
2016,立春,2016-02-04 17:46,yearbook
2016,雨水,2016-02-19 13:34,yearbook
2016,惊蛰,2016-03-05 11:44,yearbook
2016,春分,2016-03-20 12:30,yearbook
2016,清明,2016-04-04 16:28,yearbook
2016,谷雨,2016-04-19 23:29,yearbook
2016,立夏,2016-05-05 09:42,yearbook
2016,小满,2016-05-20 22:36,yearbook
2016,芒种,2016-06-05 13:49,yearbook
2016,夏至,2016-06-21 06:34,yearbook
2016,小暑,2016-07-07 00:03,yearbook
2016,大暑,2016-07-22 17:30,yearbook
2016,立秋,2016-08-07 09:53,yearbook
2016,处暑,2016-08-23 00:38,yearbook
2016,白露,2016-09-07 12:51,yearbook
2016,秋分,2016-09-22 22:21,yearbook
2016,寒露,2016-10-08 04:33,yearbook
2016,霜降,2016-10-23 07:46,yearbook
2016,立冬,2016-11-07 07:48,yearbook
2016,小雪,2016-11-22 05:22,yearbook
2016,大雪,2016-12-07 00:41,yearbook
2016,冬至,2016-12-21 18:44,yearbook
2018,大寒,2018-01-20 11:09,pdf
2018,雨水,2018-02-19 01:18,pdf
2018,春分,2018-03-21 00:15,pdf
2018,谷雨,2018-04-20 11:13,pdf
2018,小满,2018-05-21 10:15,pdf
2018,夏至,2018-06-21 18:07,pdf
2018,大暑,2018-07-23 05:00,pdf
2018,处暑,2018-08-23 12:09,pdf
2018,秋分,2018-09-23 09:54,pdf
2018,霜降,2018-10-23 19:22,pdf
2018,小雪,2018-11-22 17:01,pdf
2018,冬至,2018-12-22 06:23,pdf
2019,大寒,2019-01-20 17:00,pdf
2019,雨水,2019-02-19 07:04,pdf
2019,春分,2019-03-21 05:58,pdf
2019,谷雨,2019-04-20 16:55,pdf
2019,小满,2019-05-21 15:59,pdf
2019,夏至,2019-06-21 23:54,pdf
2019,大暑,2019-07-23 10:50,pdf
2019,处暑,2019-08-23 18:02,pdf
2019,秋分,2019-09-23 15:50,pdf
2019,霜降,2019-10-24 01:20,pdf
2019,小雪,2019-11-22 22:59,pdf
2019,冬至,2019-12-22 12:19,pdf
2020,大寒,2020-01-20 22:55,pdf
2020,雨水,2020-02-19 12:57,pdf
2020,春分,2020-03-20 11:50,pdf
2020,谷雨,2020-04-19 22:45,pdf
2020,小满,2020-05-20 21:49,pdf
2020,夏至,2020-06-21 05:44,pdf
2020,大暑,2020-07-22 16:37,pdf
2020,处暑,2020-08-22 23:45,pdf
2020,秋分,2020-09-22 21:31,pdf
2020,霜降,2020-10-23 07:00,pdf
2020,小雪,2020-11-22 04:40,pdf
2020,冬至,2020-12-21 18:02,pdf
2021,大寒,2021-01-20 04:40,pdf
2021,雨水,2021-02-18 18:44,pdf
2021,春分,2021-03-20 17:37,pdf
2021,谷雨,2021-04-20 04:33,pdf
2021,小满,2021-05-21 03:37,pdf
2021,夏至,2021-06-21 11:32,pdf
2021,大暑,2021-07-22 22:26,pdf
2021,处暑,2021-08-23 05:35,pdf
2021,秋分,2021-09-23 03:21,pdf
2021,霜降,2021-10-23 12:51,pdf
2021,小雪,2021-11-22 10:34,pdf
2021,冬至,2021-12-21 23:59,pdf
2022,大寒,2022-01-20 10:39,pdf
2022,雨水,2022-02-19 00:43,pdf
2022,春分,2022-03-20 23:33,pdf
2022,谷雨,2022-04-20 10:24,pdf
2022,小满,2022-05-21 09:23,pdf
2022,夏至,2022-06-21 17:14,pdf
2022,大暑,2022-07-23 04:07,pdf
2022,处暑,2022-08-23 11:16,pdf
2022,秋分,2022-09-23 09:04,pdf
2022,霜降,2022-10-23 18:36,pdf
2022,小雪,2022-11-22 16:20,pdf
2022,冬至,2022-12-22 05:48,pdf
2023,大寒,2023-01-20 16:30,pdf
2023,雨水,2023-02-19 06:34,pdf
2023,春分,2023-03-21 05:24,pdf
2023,谷雨,2023-04-20 16:14,pdf
2023,小满,2023-05-21 15:09,pdf
2023,夏至,2023-06-21 22:58,pdf
2023,大暑,2023-07-23 09:50,pdf
2023,处暑,2023-08-23 17:01,pdf
2023,秋分,2023-09-23 14:50,pdf
2023,霜降,2023-10-24 00:21,pdf
2023,小雪,2023-11-22 22:03,pdf
2023,冬至,2023-12-22 11:27,pdf
2024,大寒,2024-01-20 22:07,pdf
2024,雨水,2024-02-19 12:13,pdf
2024,春分,2024-03-20 11:06,pdf
2024,谷雨,2024-04-19 22:00,pdf
2024,小满,2024-05-20 21:00,pdf
2024,夏至,2024-06-21 04:51,pdf
2024,大暑,2024-07-22 15:44,pdf
2024,处暑,2024-08-22 22:55,pdf
2024,秋分,2024-09-22 20:44,pdf
2024,霜降,2024-10-23 06:15,pdf
2024,小雪,2024-11-22 03:56,pdf
2024,冬至,2024-12-21 17:21,pdf
2025,大寒,2025-01-20 04:00,pdf
2025,雨水,2025-02-18 18:07,pdf
2025,春分,2025-03-20 17:01,pdf
2025,谷雨,2025-04-20 03:56,pdf
2025,小满,2025-05-21 02:55,pdf
2025,夏至,2025-06-21 10:42,pdf
2025,大暑,2025-07-22 21:29,pdf
2025,处暑,2025-08-23 04:34,pdf
2025,秋分,2025-09-23 02:19,pdf
2025,霜降,2025-10-23 11:51,pdf
2025,小雪,2025-11-22 09:36,pdf
2025,冬至,2025-12-21 23:03,pdf
