year,month,is_ruen,date
1948,12,0,1948-01-11
1948,1,0,1948-02-10
1948,2,0,1948-03-11
1948,3,0,1948-04-09
1948,4,0,1948-05-09
1948,5,0,1948-06-07
1948,6,0,1948-07-07
1948,7,0,1948-08-05
1948,8,0,1948-09-03
1948,9,0,1948-10-03
1948,10,0,1948-11-01
1948,11,0,1948-12-01
1948,12,0,1948-12-30
1949,1,0,1949-01-29
1949,2,0,1949-02-28
1949,3,0,1949-03-29
1949,4,0,1949-04-28
1949,5,0,1949-05-28
1949,6,0,1949-06-26
1949,7,0,1949-07-26
1949,7,1,1949-08-24
1949,8,0,1949-09-22
1949,9,0,1949-10-22
1949,10,0,1949-11-20
1949,11,0,1949-12-20
1950,12,0,1950-01-18
1950,1,0,1950-02-17
1950,2,0,1950-03-18
1950,3,0,1950-04-17
1950,4,0,1950-05-17
1950,5,0,1950-06-15
1950,6,0,1950-07-15
1950,7,0,1950-08-14
1950,8,0,1950-09-12
1950,9,0,1950-10-11
1950,10,0,1950-11-10
1950,11,0,1950-12-09
1951,12,0,1951-01-08
1951,1,0,1951-02-06
1951,2,0,1951-03-08
1951,3,0,1951-04-06
1951,4,0,1951-05-06
1951,5,0,1951-06-05
1951,6,0,1951-07-04
1951,7,0,1951-08-03
1951,8,0,1951-09-01
1951,9,0,1951-10-01
1951,10,0,1951-10-30
1951,11,0,1951-11-29
1951,12,0,1951-12-28
1952,1,0,1952-01-27
1952,2,0,1952-02-25
1952,3,0,1952-03-26
1952,4,0,1952-04-24
1952,5,0,1952-05-24
1952,5,1,1952-06-22
1952,6,0,1952-07-22
1952,7,0,1952-08-20
1952,8,0,1952-09-19
1952,9,0,1952-10-19
1952,10,0,1952-11-17
1952,11,0,1952-12-17
1953,12,0,1953-01-15
1953,1,0,1953-02-14
1953,2,0,1953-03-15
1953,3,0,1953-04-14
1953,4,0,1953-05-13
1953,5,0,1953-06-11
1953,6,0,1953-07-11
1953,7,0,1953-08-10
1953,8,0,1953-09-08
1953,9,0,1953-10-08
1953,10,0,1953-11-07
1953,11,0,1953-12-06
1954,12,0,1954-01-05
1954,1,0,1954-02-03
1954,2,0,1954-03-05
1954,3,0,1954-04-03
1954,4,0,1954-05-03
1954,5,0,1954-06-01
1954,6,0,1954-06-30
1954,7,0,1954-07-30
1954,8,0,1954-08-28
1954,9,0,1954-09-27
1954,10,0,1954-10-27
1954,11,0,1954-11-25
1954,12,0,1954-12-25
1955,1,0,1955-01-24
1955,2,0,1955-02-22
1955,3,0,1955-03-24
1955,3,1,1955-04-22
1955,4,0,1955-05-22
1955,5,0,1955-06-20
1955,6,0,1955-07-19
1955,7,0,1955-08-18
1955,8,0,1955-09-16
1955,9,0,1955-10-16
1955,10,0,1955-11-14
1955,11,0,1955-12-14
1956,12,0,1956-01-13
1956,1,0,1956-02-12
1956,2,0,1956-03-12
1956,3,0,1956-04-11
1956,4,0,1956-05-10
1956,5,0,1956-06-09
1956,6,0,1956-07-08
1956,7,0,1956-08-06
1956,8,0,1956-09-05
1956,9,0,1956-10-04
1956,10,0,1956-11-03
1956,11,0,1956-12-02
1957,12,0,1957-01-01
1957,1,0,1957-01-31
1957,2,0,1957-03-02
1957,3,0,1957-03-31
1957,4,0,1957-04-30
1957,5,0,1957-05-29
1957,6,0,1957-06-28
1957,7,0,1957-07-27
1957,8,0,1957-08-25
1957,8,1,1957-09-24
1957,9,0,1957-10-23
1957,10,0,1957-11-22
1957,11,0,1957-12-21
1958,12,0,1958-01-20
1958,1,0,1958-02-18
1958,2,0,1958-03-20
1958,3,0,1958-04-19
1958,4,0,1958-05-19
1958,5,0,1958-06-17
1958,6,0,1958-07-17
1958,7,0,1958-08-15
1958,8,0,1958-09-13
1958,9,0,1958-10-13
1958,10,0,1958-11-11
1958,11,0,1958-12-11
1959,12,0,1959-01-09
1959,1,0,1959-02-08
1959,2,0,1959-03-09
1959,3,0,1959-04-08
1959,4,0,1959-05-08
1959,5,0,1959-06-06
1959,6,0,1959-07-06
1959,7,0,1959-08-04
1959,8,0,1959-09-03
1959,9,0,1959-10-02
1959,10,0,1959-11-01
1959,11,0,1959-11-30
1959,12,0,1959-12-30
1960,1,0,1960-01-28
1960,2,0,1960-02-27
1960,3,0,1960-03-27
1960,4,0,1960-04-26
1960,5,0,1960-05-25
1960,6,0,1960-06-24
1960,6,1,1960-07-24
1960,7,0,1960-08-22
1960,8,0,1960-09-21
1960,9,0,1960-10-20
1960,10,0,1960-11-19
1960,11,0,1960-12-18
1961,12,0,1961-01-17
1961,1,0,1961-02-15
1961,2,0,1961-03-17
1961,3,0,1961-04-15
1961,4,0,1961-05-15
1961,5,0,1961-06-13
1961,6,0,1961-07-13
1961,7,0,1961-08-11
1961,8,0,1961-09-10
1961,9,0,1961-10-10
1961,10,0,1961-11-08
1961,11,0,1961-12-08
1962,12,0,1962-01-06
1962,1,0,1962-02-05
1962,2,0,1962-03-06
1962,3,0,1962-04-05
1962,4,0,1962-05-04
1962,5,0,1962-06-02
1962,6,0,1962-07-02
1962,7,0,1962-07-31
1962,8,0,1962-08-30
1962,9,0,1962-09-29
1962,10,0,1962-10-28
1962,11,0,1962-11-27
1962,12,0,1962-12-27
1963,1,0,1963-01-25
1963,2,0,1963-02-24
1963,3,0,1963-03-25
1963,4,0,1963-04-24
1963,4,1,1963-05-23
1963,5,0,1963-06-21
1963,6,0,1963-07-21
1963,7,0,1963-08-19
1963,8,0,1963-09-18
1963,9,0,1963-10-17
1963,10,0,1963-11-16
1963,11,0,1963-12-16
1964,12,0,1964-01-15
1964,1,0,1964-02-13
1964,2,0,1964-03-14
1964,3,0,1964-04-12
1964,4,0,1964-05-12
1964,5,0,1964-06-10
1964,6,0,1964-07-09
1964,7,0,1964-08-08
1964,8,0,1964-09-06
1964,9,0,1964-10-06
1964,10,0,1964-11-04
1964,11,0,1964-12-04
1965,12,0,1965-01-03
1965,1,0,1965-02-02
1965,2,0,1965-03-03
1965,3,0,1965-04-02
1965,4,0,1965-05-01
1965,5,0,1965-05-31
1965,6,0,1965-06-29
1965,7,0,1965-07-28
1965,8,0,1965-08-27
1965,9,0,1965-09-25
1965,10,0,1965-10-24
1965,11,0,1965-11-23
1965,12,0,1965-12-23
1966,1,0,1966-01-21
1966,2,0,1966-02-20
1966,3,0,1966-03-22
1966,3,1,1966-04-21
1966,4,0,1966-05-20
1966,5,0,1966-06-19
1966,6,0,1966-07-18
1966,7,0,1966-08-16
1966,8,0,1966-09-15
1966,9,0,1966-10-14
1966,10,0,1966-11-12
1966,11,0,1966-12-12
1967,12,0,1967-01-11
1967,1,0,1967-02-09
1967,2,0,1967-03-11
1967,3,0,1967-04-10
1967,4,0,1967-05-09
1967,5,0,1967-06-08
1967,6,0,1967-07-08
1967,7,0,1967-08-06
1967,8,0,1967-09-04
1967,9,0,1967-10-04
1967,10,0,1967-11-02
1967,11,0,1967-12-02
1967,12,0,1967-12-31
1968,1,0,1968-01-30
1968,2,0,1968-02-28
1968,3,0,1968-03-29
1968,4,0,1968-04-27
1968,5,0,1968-05-27
1968,6,0,1968-06-26
1968,7,0,1968-07-25
1968,7,1,1968-08-24
1968,8,0,1968-09-22
1968,9,0,1968-10-22
1968,10,0,1968-11-20
1968,11,0,1968-12-20
1969,12,0,1969-01-18
1969,1,0,1969-02-17
1969,2,0,1969-03-18
1969,3,0,1969-04-17
1969,4,0,1969-05-16
1969,5,0,1969-06-15
1969,6,0,1969-07-14
1969,7,0,1969-08-13
1969,8,0,1969-09-12
1969,9,0,1969-10-11
1969,10,0,1969-11-10
1969,11,0,1969-12-09
1970,12,0,1970-01-08
1970,1,0,1970-02-06
1970,2,0,1970-03-08
1970,3,0,1970-04-06
1970,4,0,1970-05-05
1970,5,0,1970-06-04
1970,6,0,1970-07-03
1970,7,0,1970-08-02
1970,8,0,1970-09-01
1970,9,0,1970-09-30
1970,10,0,1970-10-30
1970,11,0,1970-11-29
1970,12,0,1970-12-28
1971,1,0,1971-01-27
1971,2,0,1971-02-25
1971,3,0,1971-03-27
1971,4,0,1971-04-25
1971,5,0,1971-05-24
1971,5,1,1971-06-23
1971,6,0,1971-07-22
1971,7,0,1971-08-21
1971,8,0,1971-09-19
1971,9,0,1971-10-19
1971,10,0,1971-11-18
1971,11,0,1971-12-18
1972,12,0,1972-01-16
1972,1,0,1972-02-15
1972,2,0,1972-03-15
1972,3,0,1972-04-14
1972,4,0,1972-05-13
1972,5,0,1972-06-11
1972,6,0,1972-07-11
1972,7,0,1972-08-09
1972,8,0,1972-09-08
1972,9,0,1972-10-07
1972,10,0,1972-11-06
1972,11,0,1972-12-06
1973,12,0,1973-01-04
1973,1,0,1973-02-03
1973,2,0,1973-03-05
1973,3,0,1973-04-03
1973,4,0,1973-05-03
1973,5,0,1973-06-01
1973,6,0,1973-06-30
1973,7,0,1973-07-30
1973,8,0,1973-08-28
1973,9,0,1973-09-26
1973,10,0,1973-10-26
1973,11,0,1973-11-25
1973,12,0,1973-12-24
1974,1,0,1974-01-23
1974,2,0,1974-02-22
1974,3,0,1974-03-24
1974,4,0,1974-04-22
1974,4,1,1974-05-22
1974,5,0,1974-06-20
1974,6,0,1974-07-19
1974,7,0,1974-08-18
1974,8,0,1974-09-16
1974,9,0,1974-10-15
1974,10,0,1974-11-14
1974,11,0,1974-12-14
1975,12,0,1975-01-12
1975,1,0,1975-02-11
1975,2,0,1975-03-13
1975,3,0,1975-04-12
1975,4,0,1975-05-11
1975,5,0,1975-06-10
1975,6,0,1975-07-09
1975,7,0,1975-08-07
1975,8,0,1975-09-06
1975,9,0,1975-10-05
1975,10,0,1975-11-03
1975,11,0,1975-12-03
1976,12,0,1976-01-01
1976,1,0,1976-01-31
1976,2,0,1976-03-01
1976,3,0,1976-03-31
1976,4,0,1976-04-29
1976,5,0,1976-05-29
1976,6,0,1976-06-27
1976,7,0,1976-07-27
1976,8,0,1976-08-25
1976,8,1,1976-09-24
1976,9,0,1976-10-23
1976,10,0,1976-11-21
1976,11,0,1976-12-21
1977,12,0,1977-01-19
1977,1,0,1977-02-18
1977,2,0,1977-03-20
1977,3,0,1977-04-18
1977,4,0,1977-05-18
1977,5,0,1977-06-17
1977,6,0,1977-07-16
1977,7,0,1977-08-15
1977,8,0,1977-09-13
1977,9,0,1977-10-13
1977,10,0,1977-11-11
1977,11,0,1977-12-11
1978,12,0,1978-01-09
1978,1,0,1978-02-07
1978,2,0,1978-03-09
1978,3,0,1978-04-07
1978,4,0,1978-05-07
1978,5,0,1978-06-06
1978,6,0,1978-07-05
1978,7,0,1978-08-04
1978,8,0,1978-09-03
1978,9,0,1978-10-02
1978,10,0,1978-11-01
1978,11,0,1978-11-30
1978,12,0,1978-12-30
1979,1,0,1979-01-28
1979,2,0,1979-02-27
1979,3,0,1979-03-28
1979,4,0,1979-04-26
1979,5,0,1979-05-26
1979,6,0,1979-06-24
1979,6,1,1979-07-24
1979,7,0,1979-08-23
1979,8,0,1979-09-21
1979,9,0,1979-10-21
1979,10,0,1979-11-20
1979,11,0,1979-12-19
1980,12,0,1980-01-18
1980,1,0,1980-02-16
1980,2,0,1980-03-17
1980,3,0,1980-04-15
1980,4,0,1980-05-14
1980,5,0,1980-06-13
1980,6,0,1980-07-12
1980,7,0,1980-08-11
1980,8,0,1980-09-09
1980,9,0,1980-10-09
1980,10,0,1980-11-08
1980,11,0,1980-12-07
1981,12,0,1981-01-06
1981,1,0,1981-02-05
1981,2,0,1981-03-06
1981,3,0,1981-04-05
1981,4,0,1981-05-04
1981,5,0,1981-06-02
1981,6,0,1981-07-02
1981,7,0,1981-07-31
1981,8,0,1981-08-29
1981,9,0,1981-09-28
1981,10,0,1981-10-28
1981,11,0,1981-11-26
1981,12,0,1981-12-26
1982,1,0,1982-01-25
1982,2,0,1982-02-24
1982,3,0,1982-03-25
1982,4,0,1982-04-24
1982,4,1,1982-05-23
1982,5,0,1982-06-21
1982,6,0,1982-07-21
1982,7,0,1982-08-19
1982,8,0,1982-09-17
1982,9,0,1982-10-17
1982,10,0,1982-11-15
1982,11,0,1982-12-15
1983,12,0,1983-01-14
1983,1,0,1983-02-13
1983,2,0,1983-03-15
1983,3,0,1983-04-13
1983,4,0,1983-05-13
1983,5,0,1983-06-11
1983,6,0,1983-07-10
1983,7,0,1983-08-09
1983,8,0,1983-09-07
1983,9,0,1983-10-06
1983,10,0,1983-11-05
1983,11,0,1983-12-04
1984,12,0,1984-01-03
1984,1,0,1984-02-02
1984,2,0,1984-03-03
1984,3,0,1984-04-01
1984,4,0,1984-05-01
1984,5,0,1984-05-31
1984,6,0,1984-06-29
1984,7,0,1984-07-28
1984,8,0,1984-08-27
1984,9,0,1984-09-25
1984,10,0,1984-10-24
1984,10,1,1984-11-23
1984,11,0,1984-12-22
1985,12,0,1985-01-21
1985,1,0,1985-02-20
1985,2,0,1985-03-21
1985,3,0,1985-04-20
1985,4,0,1985-05-20
1985,5,0,1985-06-18
1985,6,0,1985-07-18
1985,7,0,1985-08-16
1985,8,0,1985-09-15
1985,9,0,1985-10-14
1985,10,0,1985-11-12
1985,11,0,1985-12-12
1986,12,0,1986-01-10
1986,1,0,1986-02-09
1986,2,0,1986-03-10
1986,3,0,1986-04-09
1986,4,0,1986-05-09
1986,5,0,1986-06-07
1986,6,0,1986-07-07
1986,7,0,1986-08-06
1986,8,0,1986-09-04
1986,9,0,1986-10-04
1986,10,0,1986-11-02
1986,11,0,1986-12-02
1986,12,0,1986-12-31
1987,1,0,1987-01-29
1987,2,0,1987-02-28
1987,3,0,1987-03-29
1987,4,0,1987-04-28
1987,5,0,1987-05-27
1987,6,0,1987-06-26
1987,6,1,1987-07-26
1987,7,0,1987-08-24
1987,8,0,1987-09-23
1987,9,0,1987-10-23
1987,10,0,1987-11-21
1987,11,0,1987-12-21
1988,12,0,1988-01-19
1988,1,0,1988-02-17
1988,2,0,1988-03-18
1988,3,0,1988-04-16
1988,4,0,1988-05-16
1988,5,0,1988-06-14
1988,6,0,1988-07-14
1988,7,0,1988-08-12
1988,8,0,1988-09-11
1988,9,0,1988-10-11
1988,10,0,1988-11-09
1988,11,0,1988-12-09
1989,12,0,1989-01-08
1989,1,0,1989-02-06
1989,2,0,1989-03-08
1989,3,0,1989-04-06
1989,4,0,1989-05-05
1989,5,0,1989-06-04
1989,6,0,1989-07-03
1989,7,0,1989-08-02
1989,8,0,1989-08-31
1989,9,0,1989-09-30
1989,10,0,1989-10-29
1989,11,0,1989-11-28
1989,12,0,1989-12-28
1990,1,0,1990-01-27
1990,2,0,1990-02-25
1990,3,0,1990-03-27
1990,4,0,1990-04-25
1990,5,0,1990-05-24
1990,5,1,1990-06-23
1990,6,0,1990-07-22
1990,7,0,1990-08-20
1990,8,0,1990-09-19
1990,9,0,1990-10-18
1990,10,0,1990-11-17
1990,11,0,1990-12-17
1991,12,0,1991-01-16
1991,1,0,1991-02-15
1991,2,0,1991-03-16
1991,3,0,1991-04-15
1991,4,0,1991-05-14
1991,5,0,1991-06-12
1991,6,0,1991-07-12
1991,7,0,1991-08-10
1991,8,0,1991-09-08
1991,9,0,1991-10-08
1991,10,0,1991-11-06
1991,11,0,1991-12-06
1992,12,0,1992-01-05
1992,1,0,1992-02-04
1992,2,0,1992-03-04
1992,3,0,1992-04-03
1992,4,0,1992-05-03
1992,5,0,1992-06-01
1992,6,0,1992-06-30
1992,7,0,1992-07-30
1992,8,0,1992-08-28
1992,9,0,1992-09-26
1992,10,0,1992-10-26
1992,11,0,1992-11-24
1992,12,0,1992-12-24
1993,1,0,1993-01-23
1993,2,0,1993-02-21
1993,3,0,1993-03-23
1993,3,1,1993-04-22
1993,4,0,1993-05-21
1993,5,0,1993-06-20
1993,6,0,1993-07-19
1993,7,0,1993-08-18
1993,8,0,1993-09-16
1993,9,0,1993-10-15
1993,10,0,1993-11-14
1993,11,0,1993-12-13
1994,12,0,1994-01-12
1994,1,0,1994-02-10
1994,2,0,1994-03-12
1994,3,0,1994-04-11
1994,4,0,1994-05-11
1994,5,0,1994-06-09
1994,6,0,1994-07-09
1994,7,0,1994-08-07
1994,8,0,1994-09-06
1994,9,0,1994-10-05
1994,10,0,1994-11-03
1994,11,0,1994-12-03
1995,12,0,1995-01-01
1995,1,0,1995-01-31
1995,2,0,1995-03-01
1995,3,0,1995-03-31
1995,4,0,1995-04-30
1995,5,0,1995-05-29
1995,6,0,1995-06-28
1995,7,0,1995-07-27
1995,8,0,1995-08-26
1995,8,1,1995-09-25
1995,9,0,1995-10-24
1995,10,0,1995-11-22
1995,11,0,1995-12-22
1996,12,0,1996-01-20
1996,1,0,1996-02-19
1996,2,0,1996-03-19
1996,3,0,1996-04-18
1996,4,0,1996-05-17
1996,5,0,1996-06-16
1996,6,0,1996-07-16
1996,7,0,1996-08-14
1996,8,0,1996-09-13
1996,9,0,1996-10-12
1996,10,0,1996-11-11
1996,11,0,1996-12-11
1997,12,0,1997-01-09
1997,1,0,1997-02-07
1997,2,0,1997-03-09
1997,3,0,1997-04-07
1997,4,0,1997-05-07
1997,5,0,1997-06-05
1997,6,0,1997-07-05
1997,7,0,1997-08-03
1997,8,0,1997-09-02
1997,9,0,1997-10-02
1997,10,0,1997-10-31
1997,11,0,1997-11-30
1997,12,0,1997-12-30
1998,1,0,1998-01-28
1998,2,0,1998-02-27
1998,3,0,1998-03-28
1998,4,0,1998-04-26
1998,5,0,1998-05-26
1998,5,1,1998-06-24
1998,6,0,1998-07-23
1998,7,0,1998-08-22
1998,8,0,1998-09-21
1998,9,0,1998-10-20
1998,10,0,1998-11-19
1998,11,0,1998-12-19
1999,12,0,1999-01-17
1999,1,0,1999-02-16
1999,2,0,1999-03-18
1999,3,0,1999-04-16
1999,4,0,1999-05-15
1999,5,0,1999-06-14
1999,6,0,1999-07-13
1999,7,0,1999-08-11
1999,8,0,1999-09-10
1999,9,0,1999-10-09
1999,10,0,1999-11-08
1999,11,0,1999-12-08
2000,12,0,2000-01-07
2000,1,0,2000-02-05
2000,2,0,2000-03-06
2000,3,0,2000-04-05
2000,4,0,2000-05-04
2000,5,0,2000-06-02
2000,6,0,2000-07-02
2000,7,0,2000-07-31
2000,8,0,2000-08-29
2000,9,0,2000-09-28
2000,10,0,2000-10-27
2000,11,0,2000-11-26
2000,12,0,2000-12-26
2001,1,0,2001-01-24
2001,2,0,2001-02-23
2001,3,0,2001-03-25
2001,4,0,2001-04-23
2001,4,1,2001-05-23
2001,5,0,2001-06-21
2001,6,0,2001-07-21
2001,7,0,2001-08-19
2001,8,0,2001-09-17
2001,9,0,2001-10-17
2001,10,0,2001-11-15
2001,11,0,2001-12-15
2002,12,0,2002-01-13
2002,1,0,2002-02-12
2002,2,0,2002-03-14
2002,3,0,2002-04-13
2002,4,0,2002-05-12
2002,5,0,2002-06-11
2002,6,0,2002-07-10
2002,7,0,2002-08-09
2002,8,0,2002-09-07
2002,9,0,2002-10-06
2002,10,0,2002-11-05
2002,11,0,2002-12-04
2003,12,0,2003-01-03
2003,1,0,2003-02-01
2003,2,0,2003-03-03
2003,3,0,2003-04-02
2003,4,0,2003-05-01
2003,5,0,2003-05-31
2003,6,0,2003-06-30
2003,7,0,2003-07-29
2003,8,0,2003-08-28
2003,9,0,2003-09-26
2003,10,0,2003-10-25
2003,11,0,2003-11-24
2003,12,0,2003-12-23
2004,1,0,2004-01-22
2004,2,0,2004-02-20
2004,2,1,2004-03-21
2004,3,0,2004-04-19
2004,4,0,2004-05-19
2004,5,0,2004-06-18
2004,6,0,2004-07-17
2004,7,0,2004-08-16
2004,8,0,2004-09-14
2004,9,0,2004-10-14
2004,10,0,2004-11-12
2004,11,0,2004-12-12
2005,12,0,2005-01-10
2005,1,0,2005-02-09
2005,2,0,2005-03-10
2005,3,0,2005-04-09
2005,4,0,2005-05-08
2005,5,0,2005-06-07
2005,6,0,2005-07-06
2005,7,0,2005-08-05
2005,8,0,2005-09-04
2005,9,0,2005-10-03
2005,10,0,2005-11-02
2005,11,0,2005-12-01
2005,12,0,2005-12-31
2006,1,0,2006-01-29
2006,2,0,2006-02-28
2006,3,0,2006-03-29
2006,4,0,2006-04-28
2006,5,0,2006-05-27
2006,6,0,2006-06-26
2006,7,0,2006-07-25
2006,7,1,2006-08-24
2006,8,0,2006-09-22
2006,9,0,2006-10-22
2006,10,0,2006-11-21
2006,11,0,2006-12-20
2007,12,0,2007-01-19
2007,1,0,2007-02-18
2007,2,0,2007-03-19
2007,3,0,2007-04-17
2007,4,0,2007-05-17
2007,5,0,2007-06-15
2007,6,0,2007-07-14
2007,7,0,2007-08-13
2007,8,0,2007-09-11
2007,9,0,2007-10-11
2007,10,0,2007-11-10
2007,11,0,2007-12-10
2008,12,0,2008-01-08
2008,1,0,2008-02-07
2008,2,0,2008-03-08
2008,3,0,2008-04-06
2008,4,0,2008-05-05
2008,5,0,2008-06-04
2008,6,0,2008-07-03
2008,7,0,2008-08-01
2008,8,0,2008-08-31
2008,9,0,2008-09-29
2008,10,0,2008-10-29
2008,11,0,2008-11-28
2008,12,0,2008-12-27
2009,1,0,2009-01-26
2009,2,0,2009-02-25
2009,3,0,2009-03-27
2009,4,0,2009-04-25
2009,5,0,2009-05-24
2009,5,1,2009-06-23
2009,6,0,2009-07-22
2009,7,0,2009-08-20
2009,8,0,2009-09-19
2009,9,0,2009-10-18
2009,10,0,2009-11-17
2009,11,0,2009-12-16
2010,12,0,2010-01-15
2010,1,0,2010-02-14
2010,2,0,2010-03-16
2010,3,0,2010-04-14
2010,4,0,2010-05-14
2010,5,0,2010-06-12
2010,6,0,2010-07-12
2010,7,0,2010-08-10
2010,8,0,2010-09-08
2010,9,0,2010-10-08
2010,10,0,2010-11-06
2010,11,0,2010-12-06
2011,12,0,2011-01-04
2011,1,0,2011-02-03
2011,2,0,2011-03-05
2011,3,0,2011-04-03
2011,4,0,2011-05-03
2011,5,0,2011-06-02
2011,6,0,2011-07-01
2011,7,0,2011-07-31
2011,8,0,2011-08-29
2011,9,0,2011-09-27
2011,10,0,2011-10-27
2011,11,0,2011-11-25
2011,12,0,2011-12-25
2012,1,0,2012-01-23
2012,2,0,2012-02-22
2012,3,0,2012-03-22
2012,4,0,2012-04-21
2012,4,1,2012-05-21
2012,5,0,2012-06-19
2012,6,0,2012-07-19
2012,7,0,2012-08-17
2012,8,0,2012-09-16
2012,9,0,2012-10-15
2012,10,0,2012-11-14
2012,11,0,2012-12-13
2013,12,0,2013-01-12
2013,1,0,2013-02-10
2013,2,0,2013-03-12
2013,3,0,2013-04-10
2013,4,0,2013-05-10
2013,5,0,2013-06-08
2013,6,0,2013-07-08
2013,7,0,2013-08-07
2013,8,0,2013-09-05
2013,9,0,2013-10-05
2013,10,0,2013-11-03
2013,11,0,2013-12-03
2014,12,0,2014-01-01
2014,1,0,2014-01-31
2014,2,0,2014-03-01
2014,3,0,2014-03-31
2014,4,0,2014-04-29
2014,5,0,2014-05-29
2014,6,0,2014-06-27
2014,7,0,2014-07-27
2014,8,0,2014-08-25
2014,9,0,2014-09-24
2014,9,1,2014-10-24
2014,10,0,2014-11-22
2014,11,0,2014-12-22
2015,12,0,2015-01-20
2015,1,0,2015-02-19
2015,2,0,2015-03-20
2015,3,0,2015-04-19
2015,4,0,2015-05-18
2015,5,0,2015-06-16
2015,6,0,2015-07-16
2015,7,0,2015-08-14
2015,8,0,2015-09-13
2015,9,0,2015-10-13
2015,10,0,2015-11-12
2015,11,0,2015-12-11
2016,12,0,2016-01-10
2016,1,0,2016-02-08
2016,2,0,2016-03-09
2016,3,0,2016-04-07
2016,4,0,2016-05-07
2016,5,0,2016-06-05
2016,6,0,2016-07-04
2016,7,0,2016-08-03
2016,8,0,2016-09-01
2016,9,0,2016-10-01
2016,10,0,2016-10-31
2016,11,0,2016-11-29
2016,12,0,2016-12-29
2017,1,0,2017-01-28
2017,2,0,2017-02-26
2017,3,0,2017-03-28
2017,4,0,2017-04-26
2017,5,0,2017-05-26
2017,6,0,2017-06-24
2017,6,1,2017-07-23
2017,7,0,2017-08-22
2017,8,0,2017-09-20
2017,9,0,2017-10-20
2017,10,0,2017-11-18
2017,11,0,2017-12-18
2018,12,0,2018-01-17
2018,1,0,2018-02-16
2018,2,0,2018-03-17
2018,3,0,2018-04-16
2018,4,0,2018-05-15
2018,5,0,2018-06-14
2018,6,0,2018-07-13
2018,7,0,2018-08-11
2018,8,0,2018-09-10
2018,9,0,2018-10-09
2018,10,0,2018-11-08
2018,11,0,2018-12-07
2019,12,0,2019-01-06
2019,1,0,2019-02-05
2019,2,0,2019-03-07
2019,3,0,2019-04-05
2019,4,0,2019-05-05
2019,5,0,2019-06-03
2019,6,0,2019-07-03
2019,7,0,2019-08-01
2019,8,0,2019-08-30
2019,9,0,2019-09-29
2019,10,0,2019-10-28
2019,11,0,2019-11-26
2019,12,0,2019-12-26
2020,1,0,2020-01-25
2020,2,0,2020-02-23
2020,3,0,2020-03-24
2020,4,0,2020-04-23
2020,4,1,2020-05-23
2020,5,0,2020-06-21
2020,6,0,2020-07-21
2020,7,0,2020-08-19
2020,8,0,2020-09-17
2020,9,0,2020-10-17
2020,10,0,2020-11-15
2020,11,0,2020-12-15
2021,12,0,2021-01-13
2021,1,0,2021-02-12
2021,2,0,2021-03-13
2021,3,0,2021-04-12
2021,4,0,2021-05-12
2021,5,0,2021-06-10
2021,6,0,2021-07-10
2021,7,0,2021-08-08
2021,8,0,2021-09-07
2021,9,0,2021-10-06
2021,10,0,2021-11-05
2021,11,0,2021-12-04
2022,12,0,2022-01-03
2022,1,0,2022-02-01
2022,2,0,2022-03-03
2022,3,0,2022-04-01
2022,4,0,2022-05-01
2022,5,0,2022-05-30
2022,6,0,2022-06-29
2022,7,0,2022-07-29
2022,8,0,2022-08-27
2022,9,0,2022-09-26
2022,10,0,2022-10-25
2022,11,0,2022-11-24
2022,12,0,2022-12-23
2023,1,0,2023-01-22
2023,2,0,2023-02-20
2023,2,1,2023-03-22
2023,3,0,2023-04-20
2023,4,0,2023-05-19
2023,5,0,2023-06-18
2023,6,0,2023-07-18
2023,7,0,2023-08-16
2023,8,0,2023-09-15
2023,9,0,2023-10-15
2023,10,0,2023-11-13
2023,11,0,2023-12-13
2024,12,0,2024-01-11
2024,1,0,2024-02-10
2024,2,0,2024-03-10
2024,3,0,2024-04-09
2024,4,0,2024-05-08
2024,5,0,2024-06-06
2024,6,0,2024-07-06
2024,7,0,2024-08-04
2024,8,0,2024-09-03
2024,9,0,2024-10-03
2024,10,0,2024-11-01
2024,11,0,2024-12-01
2024,12,0,2024-12-31
2025,1,0,2025-01-29
2025,2,0,2025-02-28
2025,3,0,2025-03-29
2025,4,0,2025-04-28
2025,5,0,2025-05-27
2025,6,0,2025-06-25
2025,6,1,2025-07-25
2025,7,0,2025-08-23
2025,8,0,2025-09-22
2025,9,0,2025-10-21
2025,10,0,2025-11-20
2025,11,0,2025-12-20
2026,12,0,2026-01-19
2026,1,0,2026-02-17
2026,2,0,2026-03-19
2026,3,0,2026-04-17
2026,4,0,2026-05-17
2026,5,0,2026-06-15
2026,6,0,2026-07-14
2026,7,0,2026-08-13
2026,8,0,2026-09-11
2026,9,0,2026-10-10
2026,10,0,2026-11-09
2026,11,0,2026-12-09
2027,12,0,2027-01-08
2027,1,0,2027-02-06
2027,2,0,2027-03-08
2027,3,0,2027-04-07
2027,4,0,2027-05-06
2027,5,0,2027-06-05
2027,6,0,2027-07-04
2027,7,0,2027-08-02
2027,8,0,2027-09-01
2027,9,0,2027-09-30
2027,10,0,2027-10-29
2027,11,0,2027-11-28
2027,12,0,2027-12-28
2028,1,0,2028-01-26
2028,2,0,2028-02-25
2028,3,0,2028-03-26
2028,4,0,2028-04-25
2028,5,0,2028-05-24
2028,5,1,2028-06-23
2028,6,0,2028-07-22
2028,7,0,2028-08-20
2028,8,0,2028-09-19
2028,9,0,2028-10-18
2028,10,0,2028-11-16
2028,11,0,2028-12-16
2029,12,0,2029-01-15
2029,1,0,2029-02-13
2029,2,0,2029-03-15
2029,3,0,2029-04-14
2029,4,0,2029-05-13
2029,5,0,2029-06-12
2029,6,0,2029-07-11
2029,7,0,2029-08-10
2029,8,0,2029-09-08
2029,9,0,2029-10-08
2029,10,0,2029-11-06
2029,11,0,2029-12-05
2030,12,0,2030-01-04
2030,1,0,2030-02-03
2030,2,0,2030-03-04
2030,3,0,2030-04-03
2030,4,0,2030-05-02
2030,5,0,2030-06-01
2030,6,0,2030-07-01
2030,7,0,2030-07-30
2030,8,0,2030-08-29
2030,9,0,2030-09-27
2030,10,0,2030-10-27
2030,11,0,2030-11-25
2030,12,0,2030-12-25
2031,1,0,2031-01-23
2031,2,0,2031-02-21
2031,3,0,2031-03-23
2031,3,1,2031-04-22
2031,4,0,2031-05-21
2031,5,0,2031-06-20
2031,6,0,2031-07-19
2031,7,0,2031-08-18
2031,8,0,2031-09-17
2031,9,0,2031-10-16
2031,10,0,2031-11-15
2031,11,0,2031-12-14
2032,12,0,2032-01-13
2032,1,0,2032-02-11
2032,2,0,2032-03-12
2032,3,0,2032-04-10
2032,4,0,2032-05-09
2032,5,0,2032-06-08
2032,6,0,2032-07-07
2032,7,0,2032-08-06
2032,8,0,2032-09-05
2032,9,0,2032-10-04
2032,10,0,2032-11-03
2032,11,0,2032-12-03
2033,12,0,2033-01-01
2033,1,0,2033-01-31
2033,2,0,2033-03-01
2033,3,0,2033-03-31
2033,4,0,2033-04-29
2033,5,0,2033-05-28
2033,6,0,2033-06-27
2033,7,0,2033-07-26
2033,8,0,2033-08-25
2033,9,0,2033-09-23
2033,10,0,2033-10-23
2033,11,0,2033-11-22
2033,11,1,2033-12-22
2034,12,0,2034-01-20
2034,1,0,2034-02-19
2034,2,0,2034-03-20
2034,3,0,2034-04-19
2034,4,0,2034-05-18
2034,5,0,2034-06-16
2034,6,0,2034-07-16
2034,7,0,2034-08-14
2034,8,0,2034-09-13
2034,9,0,2034-10-12
2034,10,0,2034-11-11
2034,11,0,2034-12-11
2035,12,0,2035-01-09
2035,1,0,2035-02-08
2035,2,0,2035-03-10
2035,3,0,2035-04-08
2035,4,0,2035-05-08
2035,5,0,2035-06-06
2035,6,0,2035-07-05
2035,7,0,2035-08-04
2035,8,0,2035-09-02
2035,9,0,2035-10-01
2035,10,0,2035-10-31
2035,11,0,2035-11-30
2035,12,0,2035-12-29
2036,1,0,2036-01-28
2036,2,0,2036-02-27
2036,3,0,2036-03-28
2036,4,0,2036-04-26
2036,5,0,2036-05-26
2036,6,0,2036-06-24
2036,6,1,2036-07-23
2036,7,0,2036-08-22
2036,8,0,2036-09-20
2036,9,0,2036-10-19
2036,10,0,2036-11-18
2036,11,0,2036-12-17
2037,12,0,2037-01-16
2037,1,0,2037-02-15
2037,2,0,2037-03-17
2037,3,0,2037-04-16
2037,4,0,2037-05-15
2037,5,0,2037-06-14
2037,6,0,2037-07-13
2037,7,0,2037-08-11
2037,8,0,2037-09-10
2037,9,0,2037-10-09
2037,10,0,2037-11-07
2037,11,0,2037-12-07
2038,12,0,2038-01-05
2038,1,0,2038-02-04
2038,2,0,2038-03-06
2038,3,0,2038-04-05
2038,4,0,2038-05-04
2038,5,0,2038-06-03
2038,6,0,2038-07-02
2038,7,0,2038-08-01
2038,8,0,2038-08-30
2038,9,0,2038-09-29
2038,10,0,2038-10-28
2038,11,0,2038-11-26
2038,12,0,2038-12-26
2039,1,0,2039-01-24
2039,2,0,2039-02-23
2039,3,0,2039-03-25
2039,4,0,2039-04-23
2039,5,0,2039-05-23
2039,5,1,2039-06-22
2039,6,0,2039-07-21
2039,7,0,2039-08-20
2039,8,0,2039-09-18
2039,9,0,2039-10-18
2039,10,0,2039-11-16
2039,11,0,2039-12-16
2040,12,0,2040-01-14
2040,1,0,2040-02-12
2040,2,0,2040-03-13
2040,3,0,2040-04-11
2040,4,0,2040-05-11
2040,5,0,2040-06-10
2040,6,0,2040-07-09
2040,7,0,2040-08-08
2040,8,0,2040-09-06
2040,9,0,2040-10-06
2040,10,0,2040-11-05
2040,11,0,2040-12-04
2041,12,0,2041-01-03
2041,1,0,2041-02-01
2041,2,0,2041-03-02
2041,3,0,2041-04-01
2041,4,0,2041-04-30
2041,5,0,2041-05-30
2041,6,0,2041-06-28
2041,7,0,2041-07-28
2041,8,0,2041-08-27
2041,9,0,2041-09-25
2041,10,0,2041-10-25
2041,11,0,2041-11-24
2041,12,0,2041-12-23
2042,1,0,2042-01-22
2042,2,0,2042-02-20
2042,2,1,2042-03-22
2042,3,0,2042-04-20
2042,4,0,2042-05-19
2042,5,0,2042-06-18
2042,6,0,2042-07-17
2042,7,0,2042-08-16
2042,8,0,2042-09-14
2042,9,0,2042-10-14
2042,10,0,2042-11-13
2042,11,0,2042-12-12
2043,12,0,2043-01-11
2043,1,0,2043-02-10
2043,2,0,2043-03-11
2043,3,0,2043-04-10
2043,4,0,2043-05-09
2043,5,0,2043-06-07
2043,6,0,2043-07-07
2043,7,0,2043-08-05
2043,8,0,2043-09-03
2043,9,0,2043-10-03
2043,10,0,2043-11-02
2043,11,0,2043-12-01
2043,12,0,2043-12-31
2044,1,0,2044-01-30
2044,2,0,2044-02-29
2044,3,0,2044-03-29
2044,4,0,2044-04-28
2044,5,0,2044-05-27
2044,6,0,2044-06-25
2044,7,0,2044-07-25
2044,7,1,2044-08-23
2044,8,0,2044-09-21
2044,9,0,2044-10-21
2044,10,0,2044-11-19
2044,11,0,2044-12-19
2045,12,0,2045-01-18
2045,1,0,2045-02-17
2045,2,0,2045-03-19
2045,3,0,2045-04-17
2045,4,0,2045-05-17
2045,5,0,2045-06-15
2045,6,0,2045-07-14
2045,7,0,2045-08-13
2045,8,0,2045-09-11
2045,9,0,2045-10-10
2045,10,0,2045-11-09
2045,11,0,2045-12-08
2046,12,0,2046-01-07
2046,1,0,2046-02-06
2046,2,0,2046-03-08
2046,3,0,2046-04-06
2046,4,0,2046-05-06
2046,5,0,2046-06-04
2046,6,0,2046-07-04
2046,7,0,2046-08-02
2046,8,0,2046-09-01
2046,9,0,2046-09-30
2046,10,0,2046-10-29
2046,11,0,2046-11-28
2046,12,0,2046-12-27
2047,1,0,2047-01-26
2047,2,0,2047-02-25
2047,3,0,2047-03-26
2047,4,0,2047-04-25
2047,5,0,2047-05-25
2047,5,1,2047-06-23
2047,6,0,2047-07-23
2047,7,0,2047-08-21
2047,8,0,2047-09-20
2047,9,0,2047-10-19
2047,10,0,2047-11-17
2047,11,0,2047-12-17
2048,12,0,2048-01-15
2048,1,0,2048-02-14
2048,2,0,2048-03-14
2048,3,0,2048-04-13
2048,4,0,2048-05-13
2048,5,0,2048-06-11
2048,6,0,2048-07-11
2048,7,0,2048-08-10
2048,8,0,2048-09-08
2048,9,0,2048-10-08
2048,10,0,2048-11-06
2048,11,0,2048-12-05
2049,12,0,2049-01-04
2049,1,0,2049-02-02
2049,2,0,2049-03-04
2049,3,0,2049-04-02
2049,4,0,2049-05-02
2049,5,0,2049-05-31
2049,6,0,2049-06-30
2049,7,0,2049-07-30
2049,8,0,2049-08-28
2049,9,0,2049-09-27
2049,10,0,2049-10-27
2049,11,0,2049-11-25
2049,12,0,2049-12-25
2050,1,0,2050-01-23
2050,2,0,2050-02-21
2050,3,0,2050-03-23
2050,3,1,2050-04-21
2050,4,0,2050-05-21
2050,5,0,2050-06-19
2050,6,0,2050-07-19
2050,7,0,2050-08-17
2050,8,0,2050-09-16
2050,9,0,2050-10-16
2050,10,0,2050-11-14
2050,11,0,2050-12-14
2051,12,0,2051-01-13
2051,1,0,2051-02-11
2051,2,0,2051-03-13
2051,3,0,2051-04-11
2051,4,0,2051-05-10
2051,5,0,2051-06-09
2051,6,0,2051-07-08
2051,7,0,2051-08-06
2051,8,0,2051-09-05
2051,9,0,2051-10-05
2051,10,0,2051-11-03
2051,11,0,2051-12-03
2052,12,0,2052-01-02
2052,1,0,2052-02-01
2052,2,0,2052-03-01
2052,3,0,2052-03-31
2052,4,0,2052-04-29
2052,5,0,2052-05-28
2052,6,0,2052-06-27
2052,7,0,2052-07-26
2052,8,0,2052-08-24
2052,8,1,2052-09-23
2052,9,0,2052-10-22
2052,10,0,2052-11-21
2052,11,0,2052-12-21
2053,12,0,2053-01-20
2053,1,0,2053-02-19
2053,2,0,2053-03-20
2053,3,0,2053-04-19
2053,4,0,2053-05-18
2053,5,0,2053-06-16
2053,6,0,2053-07-16
2053,7,0,2053-08-14
2053,8,0,2053-09-12
2053,9,0,2053-10-12
2053,10,0,2053-11-10
2053,11,0,2053-12-10
2054,12,0,2054-01-09
2054,1,0,2054-02-08
2054,2,0,2054-03-09
2054,3,0,2054-04-08
2054,4,0,2054-05-08
2054,5,0,2054-06-06
2054,6,0,2054-07-05
2054,7,0,2054-08-04
2054,8,0,2054-09-02
2054,9,0,2054-10-01
2054,10,0,2054-10-31
2054,11,0,2054-11-29
2054,12,0,2054-12-29
2055,1,0,2055-01-28
2055,2,0,2055-02-26
2055,3,0,2055-03-28
2055,4,0,2055-04-27
2055,5,0,2055-05-26
2055,6,0,2055-06-25
2055,6,1,2055-07-24
2055,7,0,2055-08-23
2055,8,0,2055-09-21
2055,9,0,2055-10-20
2055,10,0,2055-11-19
2055,11,0,2055-12-18
2056,12,0,2056-01-17
2056,1,0,2056-02-15
2056,2,0,2056-03-16
2056,3,0,2056-04-15
2056,4,0,2056-05-15
2056,5,0,2056-06-13
2056,6,0,2056-07-13
2056,7,0,2056-08-11
2056,8,0,2056-09-10
2056,9,0,2056-10-09
2056,10,0,2056-11-07
2056,11,0,2056-12-07
2057,12,0,2057-01-05
2057,1,0,2057-02-04
2057,2,0,2057-03-05
2057,3,0,2057-04-04
2057,4,0,2057-05-04
2057,5,0,2057-06-02
2057,6,0,2057-07-02
2057,7,0,2057-07-31
2057,8,0,2057-08-30
2057,9,0,2057-09-28
2057,10,0,2057-10-28
2057,11,0,2057-11-26
2057,12,0,2057-12-26
2058,1,0,2058-01-24
2058,2,0,2058-02-23
2058,3,0,2058-03-24
2058,4,0,2058-04-23
2058,4,1,2058-05-22
2058,5,0,2058-06-21
2058,6,0,2058-07-20
2058,7,0,2058-08-19
2058,8,0,2058-09-18
2058,9,0,2058-10-17
2058,10,0,2058-11-16
2058,11,0,2058-12-16
2059,12,0,2059-01-14
2059,1,0,2059-02-12
2059,2,0,2059-03-14
2059,3,0,2059-04-12
2059,4,0,2059-05-12
2059,5,0,2059-06-10
2059,6,0,2059-07-10
2059,7,0,2059-08-08
2059,8,0,2059-09-07
2059,9,0,2059-10-06
2059,10,0,2059-11-05
2059,11,0,2059-12-05
2060,12,0,2060-01-04
2060,1,0,2060-02-02
2060,2,0,2060-03-03
2060,3,0,2060-04-01
2060,4,0,2060-04-30
2060,5,0,2060-05-30
2060,6,0,2060-06-28
2060,7,0,2060-07-27
2060,8,0,2060-08-26
2060,9,0,2060-09-24
2060,10,0,2060-10-24
2060,11,0,2060-11-23
2060,12,0,2060-12-23
2061,1,0,2061-01-21
2061,2,0,2061-02-20
2061,3,0,2061-03-22
2061,3,1,2061-04-20
2061,4,0,2061-05-19
2061,5,0,2061-06-18
2061,6,0,2061-07-17
2061,7,0,2061-08-15
2061,8,0,2061-09-14
2061,9,0,2061-10-13
2061,10,0,2061-11-12
2061,11,0,2061-12-12
2062,12,0,2062-01-11
2062,1,0,2062-02-09
2062,2,0,2062-03-11
2062,3,0,2062-04-10
2062,4,0,2062-05-09
2062,5,0,2062-06-07
2062,6,0,2062-07-07
2062,7,0,2062-08-05
2062,8,0,2062-09-03
2062,9,0,2062-10-03
2062,10,0,2062-11-01
2062,11,0,2062-12-01
2062,12,0,2062-12-31
2063,1,0,2063-01-29
2063,2,0,2063-02-28
2063,3,0,2063-03-30
2063,4,0,2063-04-28
2063,5,0,2063-05-28
2063,6,0,2063-06-26
2063,7,0,2063-07-26
2063,7,1,2063-08-24
2063,8,0,2063-09-22
2063,9,0,2063-10-22
2063,10,0,2063-11-20
2063,11,0,2063-12-20
2064,12,0,2064-01-18
2064,1,0,2064-02-17
2064,2,0,2064-03-18
2064,3,0,2064-04-17
2064,4,0,2064-05-16
2064,5,0,2064-06-15
2064,6,0,2064-07-14
2064,7,0,2064-08-13
2064,8,0,2064-09-11
2064,9,0,2064-10-10
2064,10,0,2064-11-09
2064,11,0,2064-12-08
2065,12,0,2065-01-07
2065,1,0,2065-02-05
2065,2,0,2065-03-07
2065,3,0,2065-04-06
2065,4,0,2065-05-05
2065,5,0,2065-06-04
2065,6,0,2065-07-04
2065,7,0,2065-08-02
2065,8,0,2065-09-01
2065,9,0,2065-09-30
2065,10,0,2065-10-29
2065,11,0,2065-11-28
2065,12,0,2065-12-27
2066,1,0,2066-01-26
2066,2,0,2066-02-24
2066,3,0,2066-03-26
2066,4,0,2066-04-24
2066,5,0,2066-05-24
2066,5,1,2066-06-23
2066,6,0,2066-07-22
2066,7,0,2066-08-21
2066,8,0,2066-09-19
2066,9,0,2066-10-19
2066,10,0,2066-11-17
2066,11,0,2066-12-17
2067,12,0,2067-01-15
2067,1,0,2067-02-14
2067,2,0,2067-03-15
2067,3,0,2067-04-14
2067,4,0,2067-05-13
2067,5,0,2067-06-12
2067,6,0,2067-07-11
2067,7,0,2067-08-10
2067,8,0,2067-09-09
2067,9,0,2067-10-08
2067,10,0,2067-11-07
2067,11,0,2067-12-06
2068,12,0,2068-01-05
2068,1,0,2068-02-03
2068,2,0,2068-03-04
2068,3,0,2068-04-02
2068,4,0,2068-05-02
2068,5,0,2068-05-31
2068,6,0,2068-06-29
2068,7,0,2068-07-29
2068,8,0,2068-08-28
2068,9,0,2068-09-26
2068,10,0,2068-10-26
2068,11,0,2068-11-25
2068,12,0,2068-12-24
2069,1,0,2069-01-23
2069,2,0,2069-02-21
2069,3,0,2069-03-23
2069,4,0,2069-04-21
2069,4,1,2069-05-21
2069,5,0,2069-06-19
2069,6,0,2069-07-18
2069,7,0,2069-08-17
2069,8,0,2069-09-15
2069,9,0,2069-10-15
2069,10,0,2069-11-14
2069,11,0,2069-12-14
2070,12,0,2070-01-12
2070,1,0,2070-02-11
2070,2,0,2070-03-12
2070,3,0,2070-04-11
2070,4,0,2070-05-10
2070,5,0,2070-06-09
2070,6,0,2070-07-08
2070,7,0,2070-08-06
2070,8,0,2070-09-05
2070,9,0,2070-10-04
2070,10,0,2070-11-03
2070,11,0,2070-12-03
2071,12,0,2071-01-01
2071,1,0,2071-01-31
2071,2,0,2071-03-02
2071,3,0,2071-03-31
2071,4,0,2071-04-30
2071,5,0,2071-05-29
2071,6,0,2071-06-28
2071,7,0,2071-07-27
2071,8,0,2071-08-25
2071,8,1,2071-09-24
2071,9,0,2071-10-23
2071,10,0,2071-11-22
2071,11,0,2071-12-21
2072,12,0,2072-01-20
2072,1,0,2072-02-19
2072,2,0,2072-03-20
2072,3,0,2072-04-18
2072,4,0,2072-05-18
2072,5,0,2072-06-16
2072,6,0,2072-07-16
2072,7,0,2072-08-14
2072,8,0,2072-09-12
2072,9,0,2072-10-12
2072,10,0,2072-11-10
2072,11,0,2072-12-10
2073,12,0,2073-01-08
2073,1,0,2073-02-07
2073,2,0,2073-03-09
2073,3,0,2073-04-07
2073,4,0,2073-05-07
2073,5,0,2073-06-06
2073,6,0,2073-07-05
2073,7,0,2073-08-04
2073,8,0,2073-09-02
2073,9,0,2073-10-01
2073,10,0,2073-10-31
2073,11,0,2073-11-29
2073,12,0,2073-12-29
2074,1,0,2074-01-27
2074,2,0,2074-02-26
2074,3,0,2074-03-27
2074,4,0,2074-04-26
2074,5,0,2074-05-26
2074,6,0,2074-06-24
2074,6,1,2074-07-24
2074,7,0,2074-08-22
2074,8,0,2074-09-21
2074,9,0,2074-10-20
2074,10,0,2074-11-19
2074,11,0,2074-12-18
2075,12,0,2075-01-17
2075,1,0,2075-02-15
2075,2,0,2075-03-17
2075,3,0,2075-04-15
2075,4,0,2075-05-15
2075,5,0,2075-06-13
2075,6,0,2075-07-13
2075,7,0,2075-08-12
2075,8,0,2075-09-10
2075,9,0,2075-10-10
2075,10,0,2075-11-08
2075,11,0,2075-12-08
2076,12,0,2076-01-06
2076,1,0,2076-02-05
2076,2,0,2076-03-05
2076,3,0,2076-04-04
2076,4,0,2076-05-03
2076,5,0,2076-06-02
2076,6,0,2076-07-01
2076,7,0,2076-07-31
2076,8,0,2076-08-29
2076,9,0,2076-09-28
2076,10,0,2076-10-28
2076,11,0,2076-11-26
2076,12,0,2076-12-26
2077,1,0,2077-01-24
2077,2,0,2077-02-23
2077,3,0,2077-03-24
2077,4,0,2077-04-23
2077,4,1,2077-05-22
2077,5,0,2077-06-20
2077,6,0,2077-07-20
2077,7,0,2077-08-18
2077,8,0,2077-09-17
2077,9,0,2077-10-17
2077,10,0,2077-11-16
2077,11,0,2077-12-15
2078,12,0,2078-01-14
2078,1,0,2078-02-12
2078,2,0,2078-03-14
2078,3,0,2078-04-12
2078,4,0,2078-05-12
2078,5,0,2078-06-10
2078,6,0,2078-07-09
2078,7,0,2078-08-08
2078,8,0,2078-09-06
2078,9,0,2078-10-06
2078,10,0,2078-11-05
2078,11,0,2078-12-04
2079,12,0,2079-01-03
2079,1,0,2079-02-02
2079,2,0,2079-03-03
2079,3,0,2079-04-02
2079,4,0,2079-05-01
2079,5,0,2079-05-31
2079,6,0,2079-06-29
2079,7,0,2079-07-28
2079,8,0,2079-08-27
2079,9,0,2079-09-25
2079,10,0,2079-10-25
2079,11,0,2079-11-23
2079,12,0,2079-12-23
2080,1,0,2080-01-22
2080,2,0,2080-02-21
2080,3,0,2080-03-21
2080,3,1,2080-04-20
2080,4,0,2080-05-19
2080,5,0,2080-06-18
2080,6,0,2080-07-17
2080,7,0,2080-08-15
2080,8,0,2080-09-14
2080,9,0,2080-10-13
2080,10,0,2080-11-11
2080,11,0,2080-12-11
2081,12,0,2081-01-10
2081,1,0,2081-02-09
2081,2,0,2081-03-10
2081,3,0,2081-04-09
2081,4,0,2081-05-09
2081,5,0,2081-06-07
2081,6,0,2081-07-07
2081,7,0,2081-08-05
2081,8,0,2081-09-03
2081,9,0,2081-10-03
2081,10,0,2081-11-01
2081,11,0,2081-11-30
2081,12,0,2081-12-30
2082,1,0,2082-01-29
2082,2,0,2082-02-27
2082,3,0,2082-03-29
2082,4,0,2082-04-28
2082,5,0,2082-05-28
2082,6,0,2082-06-26
2082,7,0,2082-07-25
2082,7,1,2082-08-24
2082,8,0,2082-09-22
2082,9,0,2082-10-22
2082,10,0,2082-11-20
2082,11,0,2082-12-19
2083,12,0,2083-01-18
2083,1,0,2083-02-17
2083,2,0,2083-03-18
2083,3,0,2083-04-17
2083,4,0,2083-05-17
2083,5,0,2083-06-15
2083,6,0,2083-07-15
2083,7,0,2083-08-13
2083,8,0,2083-09-12
2083,9,0,2083-10-11
2083,10,0,2083-11-10
2083,11,0,2083-12-09
2084,12,0,2084-01-08
2084,1,0,2084-02-06
2084,2,0,2084-03-07
2084,3,0,2084-04-05
2084,4,0,2084-05-05
2084,5,0,2084-06-03
2084,6,0,2084-07-03
2084,7,0,2084-08-02
2084,8,0,2084-08-31
2084,9,0,2084-09-30
2084,10,0,2084-10-29
2084,11,0,2084-11-28
2084,12,0,2084-12-27
2085,1,0,2085-01-26
2085,2,0,2085-02-24
2085,3,0,2085-03-26
2085,4,0,2085-04-24
2085,5,0,2085-05-23
2085,5,1,2085-06-22
2085,6,0,2085-07-22
2085,7,0,2085-08-20
2085,8,0,2085-09-19
2085,9,0,2085-10-19
2085,10,0,2085-11-17
2085,11,0,2085-12-17
2086,12,0,2086-01-15
2086,1,0,2086-02-14
2086,2,0,2086-03-15
2086,3,0,2086-04-14
2086,4,0,2086-05-13
2086,5,0,2086-06-11
2086,6,0,2086-07-11
2086,7,0,2086-08-09
2086,8,0,2086-09-08
2086,9,0,2086-10-08
2086,10,0,2086-11-06
2086,11,0,2086-12-06
2087,12,0,2087-01-05
2087,1,0,2087-02-03
2087,2,0,2087-03-05
2087,3,0,2087-04-03
2087,4,0,2087-05-03
2087,5,0,2087-06-01
2087,6,0,2087-06-30
2087,7,0,2087-07-30
2087,8,0,2087-08-28
2087,9,0,2087-09-27
2087,10,0,2087-10-26
2087,11,0,2087-11-25
2087,12,0,2087-12-25
2088,1,0,2088-01-24
2088,2,0,2088-02-22
2088,3,0,2088-03-23
2088,4,0,2088-04-21
2088,4,1,2088-05-21
2088,5,0,2088-06-19
2088,6,0,2088-07-18
2088,7,0,2088-08-17
2088,8,0,2088-09-15
2088,9,0,2088-10-14
2088,10,0,2088-11-13
2088,11,0,2088-12-13
2089,12,0,2089-01-12
2089,1,0,2089-02-10
2089,2,0,2089-03-12
2089,3,0,2089-04-11
2089,4,0,2089-05-10
2089,5,0,2089-06-09
2089,6,0,2089-07-08
2089,7,0,2089-08-06
2089,8,0,2089-09-04
2089,9,0,2089-10-04
2089,10,0,2089-11-02
2089,11,0,2089-12-02
2090,12,0,2090-01-01
2090,1,0,2090-01-30
2090,2,0,2090-03-01
2090,3,0,2090-03-31
2090,4,0,2090-04-30
2090,5,0,2090-05-29
2090,6,0,2090-06-28
2090,7,0,2090-07-27
2090,8,0,2090-08-25
2090,8,1,2090-09-24
2090,9,0,2090-10-23
2090,10,0,2090-11-21
2090,11,0,2090-12-21
2091,12,0,2091-01-20
2091,1,0,2091-02-18
2091,2,0,2091-03-20
2091,3,0,2091-04-19
2091,4,0,2091-05-18
2091,5,0,2091-06-17
2091,6,0,2091-07-16
2091,7,0,2091-08-15
2091,8,0,2091-09-13
2091,9,0,2091-10-13
2091,10,0,2091-11-11
2091,11,0,2091-12-10
2092,12,0,2092-01-09
2092,1,0,2092-02-07
2092,2,0,2092-03-08
2092,3,0,2092-04-07
2092,4,0,2092-05-06
2092,5,0,2092-06-05
2092,6,0,2092-07-05
2092,7,0,2092-08-03
2092,8,0,2092-09-02
2092,9,0,2092-10-01
2092,10,0,2092-10-31
2092,11,0,2092-11-29
2092,12,0,2092-12-29
2093,1,0,2093-01-27
2093,2,0,2093-02-25
2093,3,0,2093-03-27
2093,4,0,2093-04-26
2093,5,0,2093-05-25
2093,6,0,2093-06-24
2093,6,1,2093-07-23
2093,7,0,2093-08-22
2093,8,0,2093-09-21
2093,9,0,2093-10-20
2093,10,0,2093-11-19
2093,11,0,2093-12-18
2094,12,0,2094-01-17
2094,1,0,2094-02-15
2094,2,0,2094-03-16
2094,3,0,2094-04-15
2094,4,0,2094-05-14
2094,5,0,2094-06-13
2094,6,0,2094-07-12
2094,7,0,2094-08-11
2094,8,0,2094-09-10
2094,9,0,2094-10-09
2094,10,0,2094-11-08
2094,11,0,2094-12-08
2095,12,0,2095-01-06
2095,1,0,2095-02-05
2095,2,0,2095-03-06
2095,3,0,2095-04-05
2095,4,0,2095-05-04
2095,5,0,2095-06-02
2095,6,0,2095-07-02
2095,7,0,2095-07-31
2095,8,0,2095-08-30
2095,9,0,2095-09-28
2095,10,0,2095-10-28
2095,11,0,2095-11-27
2095,12,0,2095-12-27
2096,1,0,2096-01-25
2096,2,0,2096-02-24
2096,3,0,2096-03-24
2096,4,0,2096-04-23
2096,4,1,2096-05-22
2096,5,0,2096-06-20
2096,6,0,2096-07-20
2096,7,0,2096-08-18
2096,8,0,2096-09-16
2096,9,0,2096-10-16
2096,10,0,2096-11-15
2096,11,0,2096-12-15
2097,12,0,2097-01-13
2097,1,0,2097-02-12
2097,2,0,2097-03-14
2097,3,0,2097-04-12
2097,4,0,2097-05-12
2097,5,0,2097-06-10
2097,6,0,2097-07-09
2097,7,0,2097-08-07
2097,8,0,2097-09-06
2097,9,0,2097-10-05
2097,10,0,2097-11-04
2097,11,0,2097-12-04
2098,12,0,2098-01-02
2098,1,0,2098-02-01
2098,2,0,2098-03-03
2098,3,0,2098-04-02
2098,4,0,2098-05-01
2098,5,0,2098-05-31
2098,6,0,2098-06-29
2098,7,0,2098-07-28
2098,8,0,2098-08-26
2098,9,0,2098-09-25
2098,10,0,2098-10-24
2098,11,0,2098-11-23
2098,12,0,2098-12-22
2099,1,0,2099-01-21
2099,2,0,2099-02-20
2099,2,1,2099-03-22
2099,3,0,2099-04-20
2099,4,0,2099-05-20
2099,5,0,2099-06-19
2099,6,0,2099-07-18
2099,7,0,2099-08-16
2099,8,0,2099-09-15
2099,9,0,2099-10-14
2099,10,0,2099-11-12
2099,11,0,2099-12-12
2100,12,0,2100-01-10
2100,1,0,2100-02-09
2100,2,0,2100-03-11
2100,3,0,2100-04-10
2100,4,0,2100-05-09
2100,5,0,2100-06-08
2100,6,0,2100-07-07
2100,7,0,2100-08-06
2100,8,0,2100-09-04
2100,9,0,2100-10-04
2100,10,0,2100-11-02
2100,11,0,2100-12-01
2100,12,0,2100-12-31
